UNIQUE CODE,MONTH,OPTIONS,LAST,CHANGE,PRIOR SETTLE,OPEN,HIGH,LOW,VOLUME,UPDATED
CLZ3,DEC 2023,Opt,81.22,+0.20 (+0.25%),81.02,81.48,81.61,81.08,"7,783",20:46:47 CT 31 Oct 2023
CLF4,JAN 2024,Opt,80.76,+0.26 (+0.32%),80.50,80.98,81.12,80.64,"2,296",20:46:29 CT 31 Oct 2023
CLG4,FEB 2024,Opt,80.27,+0.31 (+0.39%),79.96,80.47,80.50,80.16,279,20:46:15 CT 31 Oct 2023
CLH4,MAR 2024,Opt,79.72,+0.30 (+0.38%),79.42,79.95,80.03,79.66,281,20:45:17 CT 31 Oct 2023
CLJ4,APR 2024,Opt,79.45,+0.52 (+0.66%),78.93,79.40,79.45,79.38,107,20:35:00 CT 31 Oct 2023
CLK4,MAY 2024,Opt,78.80,+0.33 (+0.42%),78.47,78.80,78.80,78.80,55,20:28:04 CT 31 Oct 2023
CLM4,JUN 2024,Opt,78.35,+0.31 (+0.40%),78.04,78.49,78.60,78.35,463,20:45:02 CT 31 Oct 2023
CLN4,JUL 2024,Opt,77.98,+0.36 (+0.46%),77.62,78.03,78.03,77.98,21,20:24:10 CT 31 Oct 2023
CLQ4,AUG 2024,Opt,-,-,77.21,-,-,-,1,20:24:10 CT 31 Oct 2023
CLU4,SEP 2024,Opt,-,-,76.81,-,-,-,26,20:24:10 CT 31 Oct 2023
CLV4,OCT 2024,Opt,-,-,76.42,-,-,-,3,20:24:10 CT 31 Oct 2023
CLX4,NOV 2024,Opt,-,-,76.05,-,-,-,2,20:24:10 CT 31 Oct 2023
CLZ4,DEC 2024,Opt,76.10,+0.41 (+0.54%),75.69,76.09,76.13,75.89,157,20:46:05 CT 31 Oct 2023
CLF5,JAN 2025,Opt,-,-,75.30,-,-,-,0,20:24:10 CT 31 Oct 2023
CLG5,FEB 2025,Opt,-,-,74.92,-,-,-,0,20:24:10 CT 31 Oct 2023
CLH5,MAR 2025,Opt,-,-,74.56,-,-,-,0,20:24:10 CT 31 Oct 2023
CLJ5,APR 2025,Opt,-,-,74.23,-,-,-,0,20:24:10 CT 31 Oct 2023
CLK5,MAY 2025,Opt,-,-,73.92,-,-,-,0,20:24:10 CT 31 Oct 2023
CLM5,JUN 2025,Opt,-,-,73.61,-,-,-,35,20:33:25 CT 31 Oct 2023
CLN5,JUL 2025,Opt,-,-,73.27,-,-,-,0,20:24:10 CT 31 Oct 2023
CLQ5,AUG 2025,Opt,-,-,72.95,-,-,-,0,20:24:10 CT 31 Oct 2023
CLU5,SEP 2025,Opt,-,-,72.65,-,-,-,0,20:24:10 CT 31 Oct 2023
CLV5,OCT 2025,Opt,-,-,72.37,-,-,-,0,20:24:09 CT 31 Oct 2023
CLX5,NOV 2025,Opt,-,-,72.13,-,-,-,0,20:24:10 CT 31 Oct 2023
CLZ5,DEC 2025,Opt,72.08,+0.22 (+0.31%),71.86,72.15,72.20,72.08,55,20:46:05 CT 31 Oct 2023
CLF6,JAN 2026,Opt,-,-,71.54,-,-,-,0,20:24:10 CT 31 Oct 2023
CLG6,FEB 2026,Opt,-,-,71.24,-,-,-,0,20:24:10 CT 31 Oct 2023
CLH6,MAR 2026,Opt,-,-,70.97,-,-,-,0,20:24:10 CT 31 Oct 2023
CLJ6,APR 2026,Opt,-,-,70.72,-,-,-,0,20:24:09 CT 31 Oct 2023
CLK6,MAY 2026,Opt,-,-,70.49,-,-,-,0,20:24:09 CT 31 Oct 2023
CLM6,JUN 2026,Opt,-,-,70.29,-,-,-,0,20:24:10 CT 31 Oct 2023
CLN6,JUL 2026,Opt,-,-,70.04,-,-,-,0,20:24:10 CT 31 Oct 2023
CLQ6,AUG 2026,Opt,-,-,69.78,-,-,-,0,20:24:10 CT 31 Oct 2023
CLU6,SEP 2026,Opt,-,-,69.56,-,-,-,0,20:24:09 CT 31 Oct 2023
CLV6,OCT 2026,Opt,-,-,69.36,-,-,-,0,20:24:10 CT 31 Oct 2023
CLX6,NOV 2026,Opt,-,-,69.18,-,-,-,0,20:24:09 CT 31 Oct 2023
CLZ6,DEC 2026,Opt,-,-,68.99,-,-,-,0,20:24:10 CT 31 Oct 2023
CLF7,JAN 2027,Opt,-,-,68.74,-,-,-,0,20:24:10 CT 31 Oct 2023
CLG7,FEB 2027,Opt,-,-,68.48,-,-,-,0,20:24:10 CT 31 Oct 2023
CLH7,MAR 2027,Opt,-,-,68.26,-,-,-,0,20:24:10 CT 31 Oct 2023
CLJ7,APR 2027,Opt,-,-,68.07,-,-,-,0,20:24:10 CT 31 Oct 2023
CLK7,MAY 2027,Opt,-,-,67.93,-,-,-,0,20:24:10 CT 31 Oct 2023
CLM7,JUN 2027,Opt,-,-,67.69,-,-,-,0,20:24:09 CT 31 Oct 2023
CLN7,JUL 2027,Opt,-,-,67.40,-,-,-,0,20:24:10 CT 31 Oct 2023
CLQ7,AUG 2027,Opt,-,-,67.27,-,-,-,0,20:24:10 CT 31 Oct 2023
CLU7,SEP 2027,Opt,-,-,67.10,-,-,-,0,20:24:09 CT 31 Oct 2023
CLV7,OCT 2027,Opt,-,-,66.95,-,-,-,0,20:24:10 CT 31 Oct 2023
CLX7,NOV 2027,Opt,-,-,66.78,-,-,-,0,20:24:10 CT 31 Oct 2023
CLZ7,DEC 2027,Opt,-,-,66.60,-,-,-,0,20:24:10 CT 31 Oct 2023
CLF8,JAN 2028,Opt,-,-,66.34,-,-,-,0,20:24:10 CT 31 Oct 2023
CLG8,FEB 2028,Opt,-,-,66.15,-,-,-,0,18:18:27 CT 31 Oct 2023
CLH8,MAR 2028,Opt,-,-,65.95,-,-,-,0,18:18:49 CT 31 Oct 2023
CLJ8,APR 2028,Opt,-,-,65.75,-,-,-,0,18:17:53 CT 31 Oct 2023
CLK8,MAY 2028,Opt,-,-,65.59,-,-,-,0,18:18:50 CT 31 Oct 2023
CLM8,JUN 2028,Opt,-,-,65.42,-,-,-,0,20:24:10 CT 31 Oct 2023
CLN8,JUL 2028,Opt,-,-,65.18,-,-,-,0,18:17:11 CT 31 Oct 2023
CLQ8,AUG 2028,Opt,-,-,65.00,-,-,-,0,18:18:11 CT 31 Oct 2023
CLU8,SEP 2028,Opt,-,-,64.85,-,-,-,0,18:17:41 CT 31 Oct 2023
CLV8,OCT 2028,Opt,-,-,64.73,-,-,-,0,20:24:10 CT 31 Oct 2023
CLX8,NOV 2028,Opt,-,-,64.59,-,-,-,0,20:24:10 CT 31 Oct 2023
CLZ8,DEC 2028,Opt,-,-,64.44,-,-,-,0,20:24:10 CT 31 Oct 2023
CLF9,JAN 2029,Opt,-,-,64.20,-,-,-,0,18:18:02 CT 31 Oct 2023
CLG9,FEB 2029,Opt,-,-,64.05,-,-,-,0,18:18:43 CT 31 Oct 2023
CLH9,MAR 2029,Opt,-,-,63.90,-,-,-,0,18:17:40 CT 31 Oct 2023
CLJ9,APR 2029,Opt,-,-,63.73,-,-,-,0,18:18:35 CT 31 Oct 2023
CLK9,MAY 2029,Opt,-,-,63.53,-,-,-,0,18:18:26 CT 31 Oct 2023
CLM9,JUN 2029,Opt,-,-,63.36,-,-,-,0,20:24:10 CT 31 Oct 2023
CLN9,JUL 2029,Opt,-,-,63.20,-,-,-,0,18:18:49 CT 31 Oct 2023
CLQ9,AUG 2029,Opt,-,-,62.99,-,-,-,0,18:18:30 CT 31 Oct 2023
CLU9,SEP 2029,Opt,-,-,62.81,-,-,-,0,18:18:47 CT 31 Oct 2023
CLV9,OCT 2029,Opt,-,-,62.70,-,-,-,0,18:18:00 CT 31 Oct 2023
CLX9,NOV 2029,Opt,-,-,62.54,-,-,-,0,18:16:57 CT 31 Oct 2023
CLZ9,DEC 2029,Opt,-,-,62.45,-,-,-,0,20:24:10 CT 31 Oct 2023
LF30,JAN 2030,Opt,-,-,62.26,-,-,-,0,18:17:45 CT 31 Oct 2023
LG30,FEB 2030,Opt,-,-,62.06,-,-,-,0,18:18:47 CT 31 Oct 2023
LH30,MAR 2030,Opt,-,-,61.85,-,-,-,0,20:24:10 CT 31 Oct 2023
LJ30,APR 2030,Opt,-,-,61.70,-,-,-,0,18:17:03 CT 31 Oct 2023
LK30,MAY 2030,Opt,-,-,61.56,-,-,-,0,18:18:18 CT 31 Oct 2023
LM30,JUN 2030,Opt,-,-,61.44,-,-,-,0,20:24:10 CT 31 Oct 2023
LN30,JUL 2030,Opt,-,-,61.31,-,-,-,0,18:17:49 CT 31 Oct 2023
LQ30,AUG 2030,Opt,-,-,61.15,-,-,-,0,18:17:59 CT 31 Oct 2023
LU30,SEP 2030,Opt,-,-,61.00,-,-,-,0,18:17:38 CT 31 Oct 2023
LV30,OCT 2030,Opt,-,-,60.85,-,-,-,0,18:18:03 CT 31 Oct 2023
LX30,NOV 2030,Opt,-,-,60.76,-,-,-,0,18:17:07 CT 31 Oct 2023
LZ30,DEC 2030,Opt,-,-,60.60,-,-,-,0,20:24:10 CT 31 Oct 2023
LF31,JAN 2031,Opt,-,-,60.42,-,-,-,0,18:17:53 CT 31 Oct 2023
LG31,FEB 2031,Opt,-,-,60.25,-,-,-,0,18:17:31 CT 31 Oct 2023
LH31,MAR 2031,Opt,-,-,60.13,-,-,-,0,18:17:49 CT 31 Oct 2023
LJ31,APR 2031,Opt,-,-,60.03,-,-,-,0,18:17:23 CT 31 Oct 2023
LK31,MAY 2031,Opt,-,-,59.90,-,-,-,0,18:18:18 CT 31 Oct 2023
LM31,JUN 2031,Opt,-,-,59.78,-,-,-,0,18:18:18 CT 31 Oct 2023
LN31,JUL 2031,Opt,-,-,59.70,-,-,-,0,18:18:31 CT 31 Oct 2023
LQ31,AUG 2031,Opt,-,-,59.62,-,-,-,0,18:18:48 CT 31 Oct 2023
LU31,SEP 2031,Opt,-,-,59.48,-,-,-,0,18:17:36 CT 31 Oct 2023
LV31,OCT 2031,Opt,-,-,59.38,-,-,-,0,18:17:54 CT 31 Oct 2023
LX31,NOV 2031,Opt,-,-,59.28,-,-,-,0,18:18:18 CT 31 Oct 2023
LZ31,DEC 2031,Opt,-,-,59.10,-,-,-,0,20:24:09 CT 31 Oct 2023
LF32,JAN 2032,Opt,-,-,59.00,-,-,-,0,18:17:24 CT 31 Oct 2023
LG32,FEB 2032,Opt,-,-,58.90,-,-,-,0,18:18:36 CT 31 Oct 2023
LH32,MAR 2032,Opt,-,-,58.79,-,-,-,0,18:18:16 CT 31 Oct 2023
LJ32,APR 2032,Opt,-,-,58.68,-,-,-,0,18:17:05 CT 31 Oct 2023
LK32,MAY 2032,Opt,-,-,58.56,-,-,-,0,18:18:42 CT 31 Oct 2023
LM32,JUN 2032,Opt,-,-,58.46,-,-,-,0,18:17:43 CT 31 Oct 2023
LN32,JUL 2032,Opt,-,-,58.40,-,-,-,0,18:16:55 CT 31 Oct 2023
LQ32,AUG 2032,Opt,-,-,58.32,-,-,-,0,18:17:50 CT 31 Oct 2023
LU32,SEP 2032,Opt,-,-,58.19,-,-,-,0,18:17:28 CT 31 Oct 2023
LV32,OCT 2032,Opt,-,-,58.04,-,-,-,0,18:18:53 CT 31 Oct 2023
LX32,NOV 2032,Opt,-,-,57.88,-,-,-,0,18:16:55 CT 31 Oct 2023
LZ32,DEC 2032,Opt,-,-,57.71,-,-,-,0,20:24:09 CT 31 Oct 2023
LF33,JAN 2033,Opt,-,-,57.56,-,-,-,0,18:17:47 CT 31 Oct 2023
LG33,FEB 2033,Opt,-,-,57.44,-,-,-,0,18:18:56 CT 31 Oct 2023
LH33,MAR 2033,Opt,-,-,57.31,-,-,-,0,18:17:54 CT 31 Oct 2023
LJ33,APR 2033,Opt,-,-,57.21,-,-,-,0,18:17:27 CT 31 Oct 2023
LK33,MAY 2033,Opt,-,-,57.12,-,-,-,0,18:16:54 CT 31 Oct 2023
LM33,JUN 2033,Opt,-,-,57.04,-,-,-,0,18:17:17 CT 31 Oct 2023
LN33,JUL 2033,Opt,-,-,56.92,-,-,-,0,18:17:27 CT 31 Oct 2023
LQ33,AUG 2033,Opt,-,-,56.83,-,-,-,0,18:18:19 CT 31 Oct 2023
LU33,SEP 2033,Opt,-,-,56.74,-,-,-,0,18:18:25 CT 31 Oct 2023
LV33,OCT 2033,Opt,-,-,56.66,-,-,-,0,18:18:29 CT 31 Oct 2023
LX33,NOV 2033,Opt,-,-,56.54,-,-,-,0,18:18:07 CT 31 Oct 2023
LZ33,DEC 2033,Opt,-,-,56.42,-,-,-,0,20:24:10 CT 31 Oct 2023
LF34,JAN 2034,Opt,-,-,56.35,-,-,-,0,18:17:57 CT 31 Oct 2023
LG34,FEB 2034,Opt,-,-,56.29,-,-,-,0,18:18:09 CT 31 Oct 2023
CLZ3,DEC 2023,Opt,81.22,+0.20 (+0.25%),81.02,81.48,81.61,81.08,"7,783",20:46:47 CT 31 Oct 2023
CLF4,JAN 2024,Opt,80.76,+0.26 (+0.32%),80.50,80.98,81.12,80.64,"2,296",20:46:29 CT 31 Oct 2023
CLG4,FEB 2024,Opt,80.27,+0.31 (+0.39%),79.96,80.47,80.50,80.16,279,20:46:15 CT 31 Oct 2023
CLH4,MAR 2024,Opt,79.72,+0.30 (+0.38%),79.42,79.95,80.03,79.66,281,20:45:17 CT 31 Oct 2023
CLJ4,APR 2024,Opt,79.45,+0.52 (+0.66%),78.93,79.40,79.45,79.38,107,20:35:00 CT 31 Oct 2023
CLK4,MAY 2024,Opt,78.80,+0.33 (+0.42%),78.47,78.80,78.80,78.80,55,20:28:04 CT 31 Oct 2023
CLM4,JUN 2024,Opt,78.35,+0.31 (+0.40%),78.04,78.49,78.60,78.35,463,20:45:02 CT 31 Oct 2023
CLN4,JUL 2024,Opt,77.98,+0.36 (+0.46%),77.62,78.03,78.03,77.98,21,20:24:10 CT 31 Oct 2023
CLQ4,AUG 2024,Opt,-,-,77.21,-,-,-,1,20:24:10 CT 31 Oct 2023
CLU4,SEP 2024,Opt,-,-,76.81,-,-,-,26,20:24:10 CT 31 Oct 2023
CLV4,OCT 2024,Opt,-,-,76.42,-,-,-,3,20:24:10 CT 31 Oct 2023
CLX4,NOV 2024,Opt,-,-,76.05,-,-,-,2,20:24:10 CT 31 Oct 2023
CLZ4,DEC 2024,Opt,76.10,+0.41 (+0.54%),75.69,76.09,76.13,75.89,157,20:46:05 CT 31 Oct 2023
CLF5,JAN 2025,Opt,-,-,75.30,-,-,-,0,20:24:10 CT 31 Oct 2023
CLG5,FEB 2025,Opt,-,-,74.92,-,-,-,0,20:24:10 CT 31 Oct 2023
CLH5,MAR 2025,Opt,-,-,74.56,-,-,-,0,20:24:10 CT 31 Oct 2023
CLJ5,APR 2025,Opt,-,-,74.23,-,-,-,0,20:24:10 CT 31 Oct 2023
CLK5,MAY 2025,Opt,-,-,73.92,-,-,-,0,20:24:10 CT 31 Oct 2023
CLM5,JUN 2025,Opt,-,-,73.61,-,-,-,35,20:33:25 CT 31 Oct 2023
CLN5,JUL 2025,Opt,-,-,73.27,-,-,-,0,20:24:10 CT 31 Oct 2023
CLQ5,AUG 2025,Opt,-,-,72.95,-,-,-,0,20:24:10 CT 31 Oct 2023
CLU5,SEP 2025,Opt,-,-,72.65,-,-,-,0,20:24:10 CT 31 Oct 2023
CLV5,OCT 2025,Opt,-,-,72.37,-,-,-,0,20:24:09 CT 31 Oct 2023
CLX5,NOV 2025,Opt,-,-,72.13,-,-,-,0,20:24:10 CT 31 Oct 2023
CLZ5,DEC 2025,Opt,72.08,+0.22 (+0.31%),71.86,72.15,72.20,72.08,55,20:46:05 CT 31 Oct 2023
CLF6,JAN 2026,Opt,-,-,71.54,-,-,-,0,20:24:10 CT 31 Oct 2023
CLG6,FEB 2026,Opt,-,-,71.24,-,-,-,0,20:24:10 CT 31 Oct 2023
CLH6,MAR 2026,Opt,-,-,70.97,-,-,-,0,20:24:10 CT 31 Oct 2023
CLJ6,APR 2026,Opt,-,-,70.72,-,-,-,0,20:24:09 CT 31 Oct 2023
CLK6,MAY 2026,Opt,-,-,70.49,-,-,-,0,20:24:09 CT 31 Oct 2023
CLM6,JUN 2026,Opt,-,-,70.29,-,-,-,0,20:24:10 CT 31 Oct 2023
CLN6,JUL 2026,Opt,-,-,70.04,-,-,-,0,20:24:10 CT 31 Oct 2023
CLQ6,AUG 2026,Opt,-,-,69.78,-,-,-,0,20:24:10 CT 31 Oct 2023
CLU6,SEP 2026,Opt,-,-,69.56,-,-,-,0,20:24:09 CT 31 Oct 2023
CLV6,OCT 2026,Opt,-,-,69.36,-,-,-,0,20:24:10 CT 31 Oct 2023
CLX6,NOV 2026,Opt,-,-,69.18,-,-,-,0,20:24:09 CT 31 Oct 2023
CLZ6,DEC 2026,Opt,-,-,68.99,-,-,-,0,20:24:10 CT 31 Oct 2023
CLF7,JAN 2027,Opt,-,-,68.74,-,-,-,0,20:24:10 CT 31 Oct 2023
CLG7,FEB 2027,Opt,-,-,68.48,-,-,-,0,20:24:10 CT 31 Oct 2023
CLH7,MAR 2027,Opt,-,-,68.26,-,-,-,0,20:24:10 CT 31 Oct 2023
CLJ7,APR 2027,Opt,-,-,68.07,-,-,-,0,20:24:10 CT 31 Oct 2023
CLK7,MAY 2027,Opt,-,-,67.93,-,-,-,0,20:24:10 CT 31 Oct 2023
CLM7,JUN 2027,Opt,-,-,67.69,-,-,-,0,20:24:09 CT 31 Oct 2023
CLN7,JUL 2027,Opt,-,-,67.40,-,-,-,0,20:24:10 CT 31 Oct 2023
CLQ7,AUG 2027,Opt,-,-,67.27,-,-,-,0,20:24:10 CT 31 Oct 2023
CLU7,SEP 2027,Opt,-,-,67.10,-,-,-,0,20:24:09 CT 31 Oct 2023
CLV7,OCT 2027,Opt,-,-,66.95,-,-,-,0,20:24:10 CT 31 Oct 2023
CLX7,NOV 2027,Opt,-,-,66.78,-,-,-,0,20:24:10 CT 31 Oct 2023
CLZ7,DEC 2027,Opt,-,-,66.60,-,-,-,0,20:24:10 CT 31 Oct 2023
CLF8,JAN 2028,Opt,-,-,66.34,-,-,-,0,20:24:10 CT 31 Oct 2023
CLG8,FEB 2028,Opt,-,-,66.15,-,-,-,0,18:18:27 CT 31 Oct 2023
CLH8,MAR 2028,Opt,-,-,65.95,-,-,-,0,18:18:49 CT 31 Oct 2023
CLJ8,APR 2028,Opt,-,-,65.75,-,-,-,0,18:17:53 CT 31 Oct 2023
CLK8,MAY 2028,Opt,-,-,65.59,-,-,-,0,18:18:50 CT 31 Oct 2023
CLM8,JUN 2028,Opt,-,-,65.42,-,-,-,0,20:24:10 CT 31 Oct 2023
CLN8,JUL 2028,Opt,-,-,65.18,-,-,-,0,18:17:11 CT 31 Oct 2023
CLQ8,AUG 2028,Opt,-,-,65.00,-,-,-,0,18:18:11 CT 31 Oct 2023
CLU8,SEP 2028,Opt,-,-,64.85,-,-,-,0,18:17:41 CT 31 Oct 2023
CLV8,OCT 2028,Opt,-,-,64.73,-,-,-,0,20:24:10 CT 31 Oct 2023
CLX8,NOV 2028,Opt,-,-,64.59,-,-,-,0,20:24:10 CT 31 Oct 2023
CLZ8,DEC 2028,Opt,-,-,64.44,-,-,-,0,20:24:10 CT 31 Oct 2023
CLF9,JAN 2029,Opt,-,-,64.20,-,-,-,0,18:18:02 CT 31 Oct 2023
CLG9,FEB 2029,Opt,-,-,64.05,-,-,-,0,18:18:43 CT 31 Oct 2023
CLH9,MAR 2029,Opt,-,-,63.90,-,-,-,0,18:17:40 CT 31 Oct 2023
CLJ9,APR 2029,Opt,-,-,63.73,-,-,-,0,18:18:35 CT 31 Oct 2023
CLK9,MAY 2029,Opt,-,-,63.53,-,-,-,0,18:18:26 CT 31 Oct 2023
CLM9,JUN 2029,Opt,-,-,63.36,-,-,-,0,20:24:10 CT 31 Oct 2023
CLN9,JUL 2029,Opt,-,-,63.20,-,-,-,0,18:18:49 CT 31 Oct 2023
CLQ9,AUG 2029,Opt,-,-,62.99,-,-,-,0,18:18:30 CT 31 Oct 2023
CLU9,SEP 2029,Opt,-,-,62.81,-,-,-,0,18:18:47 CT 31 Oct 2023
CLV9,OCT 2029,Opt,-,-,62.70,-,-,-,0,18:18:00 CT 31 Oct 2023
CLX9,NOV 2029,Opt,-,-,62.54,-,-,-,0,18:16:57 CT 31 Oct 2023
CLZ9,DEC 2029,Opt,-,-,62.45,-,-,-,0,20:24:10 CT 31 Oct 2023
LF30,JAN 2030,Opt,-,-,62.26,-,-,-,0,18:17:45 CT 31 Oct 2023
LG30,FEB 2030,Opt,-,-,62.06,-,-,-,0,18:18:47 CT 31 Oct 2023
LH30,MAR 2030,Opt,-,-,61.85,-,-,-,0,20:24:10 CT 31 Oct 2023
LJ30,APR 2030,Opt,-,-,61.70,-,-,-,0,18:17:03 CT 31 Oct 2023
LK30,MAY 2030,Opt,-,-,61.56,-,-,-,0,18:18:18 CT 31 Oct 2023
LM30,JUN 2030,Opt,-,-,61.44,-,-,-,0,20:24:10 CT 31 Oct 2023
LN30,JUL 2030,Opt,-,-,61.31,-,-,-,0,18:17:49 CT 31 Oct 2023
LQ30,AUG 2030,Opt,-,-,61.15,-,-,-,0,18:17:59 CT 31 Oct 2023
LU30,SEP 2030,Opt,-,-,61.00,-,-,-,0,18:17:38 CT 31 Oct 2023
LV30,OCT 2030,Opt,-,-,60.85,-,-,-,0,18:18:03 CT 31 Oct 2023
LX30,NOV 2030,Opt,-,-,60.76,-,-,-,0,18:17:07 CT 31 Oct 2023
LZ30,DEC 2030,Opt,-,-,60.60,-,-,-,0,20:24:10 CT 31 Oct 2023
LF31,JAN 2031,Opt,-,-,60.42,-,-,-,0,18:17:53 CT 31 Oct 2023
LG31,FEB 2031,Opt,-,-,60.25,-,-,-,0,18:17:31 CT 31 Oct 2023
LH31,MAR 2031,Opt,-,-,60.13,-,-,-,0,18:17:49 CT 31 Oct 2023
LJ31,APR 2031,Opt,-,-,60.03,-,-,-,0,18:17:23 CT 31 Oct 2023
LK31,MAY 2031,Opt,-,-,59.90,-,-,-,0,18:18:18 CT 31 Oct 2023
LM31,JUN 2031,Opt,-,-,59.78,-,-,-,0,18:18:18 CT 31 Oct 2023
LN31,JUL 2031,Opt,-,-,59.70,-,-,-,0,18:18:31 CT 31 Oct 2023
LQ31,AUG 2031,Opt,-,-,59.62,-,-,-,0,18:18:48 CT 31 Oct 2023
LU31,SEP 2031,Opt,-,-,59.48,-,-,-,0,18:17:36 CT 31 Oct 2023
LV31,OCT 2031,Opt,-,-,59.38,-,-,-,0,18:17:54 CT 31 Oct 2023
LX31,NOV 2031,Opt,-,-,59.28,-,-,-,0,18:18:18 CT 31 Oct 2023
LZ31,DEC 2031,Opt,-,-,59.10,-,-,-,0,20:24:09 CT 31 Oct 2023
LF32,JAN 2032,Opt,-,-,59.00,-,-,-,0,18:17:24 CT 31 Oct 2023
LG32,FEB 2032,Opt,-,-,58.90,-,-,-,0,18:18:36 CT 31 Oct 2023
LH32,MAR 2032,Opt,-,-,58.79,-,-,-,0,18:18:16 CT 31 Oct 2023
LJ32,APR 2032,Opt,-,-,58.68,-,-,-,0,18:17:05 CT 31 Oct 2023
LK32,MAY 2032,Opt,-,-,58.56,-,-,-,0,18:18:42 CT 31 Oct 2023
LM32,JUN 2032,Opt,-,-,58.46,-,-,-,0,18:17:43 CT 31 Oct 2023
LN32,JUL 2032,Opt,-,-,58.40,-,-,-,0,18:16:55 CT 31 Oct 2023
LQ32,AUG 2032,Opt,-,-,58.32,-,-,-,0,18:17:50 CT 31 Oct 2023
LU32,SEP 2032,Opt,-,-,58.19,-,-,-,0,18:17:28 CT 31 Oct 2023
LV32,OCT 2032,Opt,-,-,58.04,-,-,-,0,18:18:53 CT 31 Oct 2023
LX32,NOV 2032,Opt,-,-,57.88,-,-,-,0,18:16:55 CT 31 Oct 2023
LZ32,DEC 2032,Opt,-,-,57.71,-,-,-,0,20:24:09 CT 31 Oct 2023
LF33,JAN 2033,Opt,-,-,57.56,-,-,-,0,18:17:47 CT 31 Oct 2023
LG33,FEB 2033,Opt,-,-,57.44,-,-,-,0,18:18:56 CT 31 Oct 2023
LH33,MAR 2033,Opt,-,-,57.31,-,-,-,0,18:17:54 CT 31 Oct 2023
LJ33,APR 2033,Opt,-,-,57.21,-,-,-,0,18:17:27 CT 31 Oct 2023
LK33,MAY 2033,Opt,-,-,57.12,-,-,-,0,18:16:54 CT 31 Oct 2023
LM33,JUN 2033,Opt,-,-,57.04,-,-,-,0,18:17:17 CT 31 Oct 2023
LN33,JUL 2033,Opt,-,-,56.92,-,-,-,0,18:17:27 CT 31 Oct 2023
LQ33,AUG 2033,Opt,-,-,56.83,-,-,-,0,18:18:19 CT 31 Oct 2023
LU33,SEP 2033,Opt,-,-,56.74,-,-,-,0,18:18:25 CT 31 Oct 2023
LV33,OCT 2033,Opt,-,-,56.66,-,-,-,0,18:18:29 CT 31 Oct 2023
LX33,NOV 2033,Opt,-,-,56.54,-,-,-,0,18:18:07 CT 31 Oct 2023
LZ33,DEC 2033,Opt,-,-,56.42,-,-,-,0,20:24:10 CT 31 Oct 2023
LF34,JAN 2034,Opt,-,-,56.35,-,-,-,0,18:17:57 CT 31 Oct 2023
LG34,FEB 2034,Opt,-,-,56.29,-,-,-,0,18:18:09 CT 31 Oct 2023
NGZ3,DEC 2023,Opt,3.598,+0.023 (+0.64%),3.575,3.600,3.608,3.589,"2,361",20:48:26 CT 31 Oct 2023
NGF4,JAN 2024,Opt,3.830,+0.017 (+0.45%),3.813,3.840,3.841,3.823,801,20:46:30 CT 31 Oct 2023
NGG4,FEB 2024,Opt,3.764,+0.018 (+0.48%),3.746,3.769,3.770,3.754,218,20:42:40 CT 31 Oct 2023
NGH4,MAR 2024,Opt,3.477,+0.009 (+0.26%),3.468,3.476,3.481,3.468,316,20:46:30 CT 31 Oct 2023
NGJ4,APR 2024,Opt,3.248,+0.002 (+0.06%),3.246,3.248,3.255,3.243,182,20:46:39 CT 31 Oct 2023
NGK4,MAY 2024,Opt,3.262,-0.002 (-0.06%),3.264,3.264,3.271,3.258,91,20:48:38 CT 31 Oct 2023
NGM4,JUN 2024,Opt,3.375,+0.002 (+0.06%),3.373,3.368,3.376,3.367,26,20:27:50 CT 31 Oct 2023
NGN4,JUL 2024,Opt,3.479,-0.009 (-0.26%),3.488,3.490,3.490,3.479,25,20:24:14 CT 31 Oct 2023
NGQ4,AUG 2024,Opt,3.514,-0.008 (-0.23%),3.522,3.524,3.524,3.514,20,20:24:14 CT 31 Oct 2023
NGU4,SEP 2024,Opt,3.498,-0.006 (-0.17%),3.504,3.507,3.507,3.495,25,20:24:14 CT 31 Oct 2023
NGV4,OCT 2024,Opt,3.577,-0.004 (-0.11%),3.581,3.581,3.593,3.574,50,20:27:50 CT 31 Oct 2023
NGX4,NOV 2024,Opt,3.900,-0.017 (-0.43%),3.917,3.902,3.902,3.900,18,20:24:14 CT 31 Oct 2023
NGZ4,DEC 2024,Opt,4.321,-0.021 (-0.48%),4.342,4.325,4.325,4.321,10,20:24:14 CT 31 Oct 2023
NGF5,JAN 2025,Opt,4.593,-0.018 (-0.39%),4.611,4.595,4.595,4.593,7,20:24:14 CT 31 Oct 2023
NGG5,FEB 2025,Opt,4.471,-0.024 (-0.53%),4.495,4.477,4.477,4.471,8,20:24:14 CT 31 Oct 2023
NGH5,MAR 2025,Opt,-,-,4.101,-,-,-,0,20:24:14 CT 31 Oct 2023
NGJ5,APR 2025,Opt,-,-,3.700,-,-,-,0,20:24:14 CT 31 Oct 2023
NGK5,MAY 2025,Opt,-,-,3.683,-,-,-,0,20:24:14 CT 31 Oct 2023
NGM5,JUN 2025,Opt,-,-,3.795,-,-,-,0,20:24:14 CT 31 Oct 2023
GN25,JUL 2025,Opt,-,-,3.911,-,-,-,0,20:24:14 CT 31 Oct 2023
GQ25,AUG 2025,Opt,-,-,3.943,-,-,-,0,20:24:14 CT 31 Oct 2023
GU25,SEP 2025,Opt,-,-,3.912,-,-,-,0,20:24:14 CT 31 Oct 2023
GV25,OCT 2025,Opt,-,-,3.983,-,-,-,0,20:24:14 CT 31 Oct 2023
GX25,NOV 2025,Opt,-,-,4.312,-,-,-,0,20:24:14 CT 31 Oct 2023
GZ25,DEC 2025,Opt,-,-,4.699,-,-,-,0,20:24:14 CT 31 Oct 2023
GF26,JAN 2026,Opt,-,-,4.969,-,-,-,0,20:24:14 CT 31 Oct 2023
GG26,FEB 2026,Opt,-,-,4.774,-,-,-,0,20:24:14 CT 31 Oct 2023
GH26,MAR 2026,Opt,-,-,4.210,-,-,-,0,20:24:14 CT 31 Oct 2023
GJ26,APR 2026,Opt,-,-,3.575,-,-,-,0,20:24:14 CT 31 Oct 2023
GK26,MAY 2026,Opt,-,-,3.548,-,-,-,0,20:24:14 CT 31 Oct 2023
GM26,JUN 2026,Opt,-,-,3.687,-,-,-,0,20:24:14 CT 31 Oct 2023
GN26,JUL 2026,Opt,-,-,3.816,-,-,-,0,20:24:14 CT 31 Oct 2023
GQ26,AUG 2026,Opt,-,-,3.849,-,-,-,0,20:24:14 CT 31 Oct 2023
GU26,SEP 2026,Opt,-,-,3.817,-,-,-,0,20:24:14 CT 31 Oct 2023
GV26,OCT 2026,Opt,-,-,3.882,-,-,-,0,20:24:14 CT 31 Oct 2023
GX26,NOV 2026,Opt,-,-,4.232,-,-,-,0,20:24:14 CT 31 Oct 2023
GZ26,DEC 2026,Opt,-,-,4.586,-,-,-,0,20:24:14 CT 31 Oct 2023
GF27,JAN 2027,Opt,-,-,4.860,-,-,-,0,20:24:14 CT 31 Oct 2023
GG27,FEB 2027,Opt,-,-,4.675,-,-,-,0,20:24:14 CT 31 Oct 2023
GH27,MAR 2027,Opt,-,-,4.100,-,-,-,0,20:24:14 CT 31 Oct 2023
GJ27,APR 2027,Opt,-,-,3.515,-,-,-,0,20:24:14 CT 31 Oct 2023
GK27,MAY 2027,Opt,-,-,3.460,-,-,-,0,20:24:14 CT 31 Oct 2023
GM27,JUN 2027,Opt,-,-,3.580,-,-,-,0,20:24:14 CT 31 Oct 2023
GN27,JUL 2027,Opt,-,-,3.706,-,-,-,0,20:24:14 CT 31 Oct 2023
GQ27,AUG 2027,Opt,-,-,3.737,-,-,-,0,20:24:14 CT 31 Oct 2023
GU27,SEP 2027,Opt,-,-,3.712,-,-,-,0,20:24:14 CT 31 Oct 2023
GV27,OCT 2027,Opt,-,-,3.791,-,-,-,0,20:24:14 CT 31 Oct 2023
GX27,NOV 2027,Opt,-,-,4.133,-,-,-,0,20:24:14 CT 31 Oct 2023
GZ27,DEC 2027,Opt,-,-,4.489,-,-,-,0,20:24:14 CT 31 Oct 2023
GF28,JAN 2028,Opt,-,-,4.738,-,-,-,0,20:24:14 CT 31 Oct 2023
GG28,FEB 2028,Opt,-,-,4.553,-,-,-,0,20:24:14 CT 31 Oct 2023
GH28,MAR 2028,Opt,-,-,3.983,-,-,-,0,20:24:14 CT 31 Oct 2023
GJ28,APR 2028,Opt,-,-,3.403,-,-,-,0,20:24:14 CT 31 Oct 2023
GK28,MAY 2028,Opt,-,-,3.363,-,-,-,0,20:24:14 CT 31 Oct 2023
GM28,JUN 2028,Opt,-,-,3.488,-,-,-,0,20:24:14 CT 31 Oct 2023
GN28,JUL 2028,Opt,-,-,3.612,-,-,-,0,20:24:14 CT 31 Oct 2023
GQ28,AUG 2028,Opt,-,-,3.664,-,-,-,0,20:24:14 CT 31 Oct 2023
GU28,SEP 2028,Opt,-,-,3.628,-,-,-,0,20:24:14 CT 31 Oct 2023
GV28,OCT 2028,Opt,-,-,3.711,-,-,-,0,20:24:14 CT 31 Oct 2023
GX28,NOV 2028,Opt,-,-,4.077,-,-,-,0,20:24:14 CT 31 Oct 2023
GZ28,DEC 2028,Opt,-,-,4.460,-,-,-,0,20:24:14 CT 31 Oct 2023
GF29,JAN 2029,Opt,-,-,4.725,-,-,-,0,20:24:14 CT 31 Oct 2023
GG29,FEB 2029,Opt,-,-,4.575,-,-,-,0,20:24:14 CT 31 Oct 2023
GH29,MAR 2029,Opt,-,-,4.011,-,-,-,0,20:24:14 CT 31 Oct 2023
GJ29,APR 2029,Opt,-,-,3.451,-,-,-,0,20:24:14 CT 31 Oct 2023
GK29,MAY 2029,Opt,-,-,3.416,-,-,-,0,20:24:14 CT 31 Oct 2023
GM29,JUN 2029,Opt,-,-,3.547,-,-,-,0,20:24:14 CT 31 Oct 2023
GN29,JUL 2029,Opt,-,-,3.677,-,-,-,0,20:24:14 CT 31 Oct 2023
GQ29,AUG 2029,Opt,-,-,3.720,-,-,-,0,20:24:14 CT 31 Oct 2023
GU29,SEP 2029,Opt,-,-,3.682,-,-,-,0,20:24:14 CT 31 Oct 2023
GV29,OCT 2029,Opt,-,-,3.768,-,-,-,0,20:24:14 CT 31 Oct 2023
GX29,NOV 2029,Opt,-,-,4.132,-,-,-,0,20:24:14 CT 31 Oct 2023
GZ29,DEC 2029,Opt,-,-,4.524,-,-,-,0,20:24:14 CT 31 Oct 2023
GF30,JAN 2030,Opt,-,-,4.763,-,-,-,0,20:24:14 CT 31 Oct 2023
GG30,FEB 2030,Opt,-,-,4.583,-,-,-,0,20:24:14 CT 31 Oct 2023
GH30,MAR 2030,Opt,-,-,4.018,-,-,-,0,20:24:14 CT 31 Oct 2023
GJ30,APR 2030,Opt,-,-,3.433,-,-,-,0,20:24:14 CT 31 Oct 2023
GK30,MAY 2030,Opt,-,-,3.388,-,-,-,0,20:24:14 CT 31 Oct 2023
GM30,JUN 2030,Opt,-,-,3.488,-,-,-,0,20:24:14 CT 31 Oct 2023
GN30,JUL 2030,Opt,-,-,3.588,-,-,-,0,20:24:14 CT 31 Oct 2023
GQ30,AUG 2030,Opt,-,-,3.628,-,-,-,0,20:24:14 CT 31 Oct 2023
GU30,SEP 2030,Opt,-,-,3.598,-,-,-,0,20:24:14 CT 31 Oct 2023
GV30,OCT 2030,Opt,-,-,3.644,-,-,-,0,20:24:14 CT 31 Oct 2023
GX30,NOV 2030,Opt,-,-,3.989,-,-,-,0,20:24:14 CT 31 Oct 2023
GZ30,DEC 2030,Opt,-,-,4.399,-,-,-,0,20:24:14 CT 31 Oct 2023
GF31,JAN 2031,Opt,-,-,4.649,-,-,-,0,20:24:14 CT 31 Oct 2023
GG31,FEB 2031,Opt,-,-,4.489,-,-,-,0,20:24:14 CT 31 Oct 2023
GH31,MAR 2031,Opt,-,-,3.959,-,-,-,0,20:24:14 CT 31 Oct 2023
GJ31,APR 2031,Opt,-,-,3.424,-,-,-,0,20:24:14 CT 31 Oct 2023
GK31,MAY 2031,Opt,-,-,3.402,-,-,-,0,20:24:14 CT 31 Oct 2023
GM31,JUN 2031,Opt,-,-,3.502,-,-,-,0,20:24:14 CT 31 Oct 2023
GN31,JUL 2031,Opt,-,-,3.602,-,-,-,0,20:24:14 CT 31 Oct 2023
GQ31,AUG 2031,Opt,-,-,3.642,-,-,-,0,20:24:14 CT 31 Oct 2023
GU31,SEP 2031,Opt,-,-,3.657,-,-,-,0,20:24:14 CT 31 Oct 2023
GV31,OCT 2031,Opt,-,-,3.727,-,-,-,0,20:24:14 CT 31 Oct 2023
GX31,NOV 2031,Opt,-,-,4.047,-,-,-,0,20:24:14 CT 31 Oct 2023
GZ31,DEC 2031,Opt,-,-,4.427,-,-,-,0,20:24:14 CT 31 Oct 2023
GF32,JAN 2032,Opt,-,-,4.682,-,-,-,0,20:24:14 CT 31 Oct 2023
GG32,FEB 2032,Opt,-,-,4.512,-,-,-,0,20:24:14 CT 31 Oct 2023
GH32,MAR 2032,Opt,-,-,4.012,-,-,-,0,20:24:14 CT 31 Oct 2023
GJ32,APR 2032,Opt,-,-,3.462,-,-,-,0,20:24:14 CT 31 Oct 2023
GK32,MAY 2032,Opt,-,-,3.440,-,-,-,0,20:24:14 CT 31 Oct 2023
GM32,JUN 2032,Opt,-,-,3.540,-,-,-,0,20:24:14 CT 31 Oct 2023
GN32,JUL 2032,Opt,-,-,3.640,-,-,-,0,20:24:14 CT 31 Oct 2023
GQ32,AUG 2032,Opt,-,-,3.680,-,-,-,0,20:24:14 CT 31 Oct 2023
GU32,SEP 2032,Opt,-,-,3.695,-,-,-,0,20:24:14 CT 31 Oct 2023
GV32,OCT 2032,Opt,-,-,3.741,-,-,-,0,20:24:14 CT 31 Oct 2023
GX32,NOV 2032,Opt,-,-,3.946,-,-,-,0,20:24:14 CT 31 Oct 2023
GZ32,DEC 2032,Opt,-,-,4.346,-,-,-,0,20:24:14 CT 31 Oct 2023
GF33,JAN 2033,Opt,-,-,4.581,-,-,-,0,18:18:16 CT 31 Oct 2023
GG33,FEB 2033,Opt,-,-,4.401,-,-,-,0,18:18:04 CT 31 Oct 2023
GH33,MAR 2033,Opt,-,-,4.051,-,-,-,0,18:16:57 CT 31 Oct 2023
GJ33,APR 2033,Opt,-,-,3.721,-,-,-,0,18:18:12 CT 31 Oct 2023
GK33,MAY 2033,Opt,-,-,3.699,-,-,-,0,18:17:50 CT 31 Oct 2023
GM33,JUN 2033,Opt,-,-,3.734,-,-,-,0,18:18:12 CT 31 Oct 2023
GN33,JUL 2033,Opt,-,-,3.774,-,-,-,0,18:17:50 CT 31 Oct 2023
GQ33,AUG 2033,Opt,-,-,3.814,-,-,-,0,18:18:04 CT 31 Oct 2023
GU33,SEP 2033,Opt,-,-,3.829,-,-,-,0,18:18:24 CT 31 Oct 2023
GV33,OCT 2033,Opt,-,-,3.875,-,-,-,0,18:18:12 CT 31 Oct 2023
GX33,NOV 2033,Opt,-,-,4.050,-,-,-,0,18:18:12 CT 31 Oct 2023
GZ33,DEC 2033,Opt,-,-,4.450,-,-,-,0,18:18:06 CT 31 Oct 2023
GF34,JAN 2034,Opt,-,-,4.675,-,-,-,0,18:17:43 CT 31 Oct 2023
GG34,FEB 2034,Opt,-,-,4.515,-,-,-,0,18:17:47 CT 31 Oct 2023
GH34,MAR 2034,Opt,-,-,4.240,-,-,-,0,18:17:55 CT 31 Oct 2023
GJ34,APR 2034,Opt,-,-,3.840,-,-,-,0,18:17:55 CT 31 Oct 2023
GK34,MAY 2034,Opt,-,-,3.818,-,-,-,0,18:17:55 CT 31 Oct 2023
GM34,JUN 2034,Opt,-,-,3.853,-,-,-,0,18:16:56 CT 31 Oct 2023
GN34,JUL 2034,Opt,-,-,3.893,-,-,-,0,18:17:55 CT 31 Oct 2023
GQ34,AUG 2034,Opt,-,-,3.933,-,-,-,0,18:17:50 CT 31 Oct 2023
GU34,SEP 2034,Opt,-,-,3.948,-,-,-,0,18:17:47 CT 31 Oct 2023
GV34,OCT 2034,Opt,-,-,3.994,-,-,-,0,18:17:51 CT 31 Oct 2023
GX34,NOV 2034,Opt,-,-,4.144,-,-,-,0,18:17:43 CT 31 Oct 2023
GZ34,DEC 2034,Opt,-,-,4.394,-,-,-,0,18:17:43 CT 31 Oct 2023
GF35,JAN 2035,Opt,-,-,4.594,-,-,-,0,18:18:24 CT 31 Oct 2023
GG35,FEB 2035,Opt,-,-,4.529,-,-,-,0,18:18:08 CT 31 Oct 2023
GH35,MAR 2035,Opt,-,-,4.429,-,-,-,0,18:18:31 CT 31 Oct 2023
GJ35,APR 2035,Opt,-,-,4.099,-,-,-,0,18:18:31 CT 31 Oct 2023
GK35,MAY 2035,Opt,-,-,4.077,-,-,-,0,18:18:00 CT 31 Oct 2023
GM35,JUN 2035,Opt,-,-,4.112,-,-,-,0,18:18:00 CT 31 Oct 2023
GN35,JUL 2035,Opt,-,-,4.152,-,-,-,0,18:18:00 CT 31 Oct 2023
GQ35,AUG 2035,Opt,-,-,4.192,-,-,-,0,18:18:19 CT 31 Oct 2023
GU35,SEP 2035,Opt,-,-,4.207,-,-,-,0,18:18:24 CT 31 Oct 2023
GV35,OCT 2035,Opt,-,-,4.253,-,-,-,0,18:18:19 CT 31 Oct 2023
GX35,NOV 2035,Opt,-,-,4.325,-,-,-,0,18:18:08 CT 31 Oct 2023
GZ35,DEC 2035,Opt,-,-,4.480,-,-,-,0,18:18:08 CT 31 Oct 2023
NGZ3,DEC 2023,Opt,3.598,+0.023 (+0.64%),3.575,3.600,3.608,3.589,"2,361",20:48:26 CT 31 Oct 2023
NGF4,JAN 2024,Opt,3.830,+0.017 (+0.45%),3.813,3.840,3.841,3.823,801,20:46:30 CT 31 Oct 2023
NGG4,FEB 2024,Opt,3.764,+0.018 (+0.48%),3.746,3.769,3.770,3.754,218,20:42:40 CT 31 Oct 2023
NGH4,MAR 2024,Opt,3.477,+0.009 (+0.26%),3.468,3.476,3.481,3.468,316,20:46:30 CT 31 Oct 2023
NGJ4,APR 2024,Opt,3.248,+0.002 (+0.06%),3.246,3.248,3.255,3.243,182,20:46:39 CT 31 Oct 2023
NGK4,MAY 2024,Opt,3.262,-0.002 (-0.06%),3.264,3.264,3.271,3.258,91,20:48:38 CT 31 Oct 2023
NGM4,JUN 2024,Opt,3.375,+0.002 (+0.06%),3.373,3.368,3.376,3.367,26,20:27:50 CT 31 Oct 2023
NGN4,JUL 2024,Opt,3.479,-0.009 (-0.26%),3.488,3.490,3.490,3.479,25,20:24:14 CT 31 Oct 2023
NGQ4,AUG 2024,Opt,3.514,-0.008 (-0.23%),3.522,3.524,3.524,3.514,20,20:24:14 CT 31 Oct 2023
NGU4,SEP 2024,Opt,3.498,-0.006 (-0.17%),3.504,3.507,3.507,3.495,25,20:24:14 CT 31 Oct 2023
NGV4,OCT 2024,Opt,3.577,-0.004 (-0.11%),3.581,3.581,3.593,3.574,50,20:27:50 CT 31 Oct 2023
NGX4,NOV 2024,Opt,3.900,-0.017 (-0.43%),3.917,3.902,3.902,3.900,18,20:24:14 CT 31 Oct 2023
NGZ4,DEC 2024,Opt,4.321,-0.021 (-0.48%),4.342,4.325,4.325,4.321,10,20:24:14 CT 31 Oct 2023
NGF5,JAN 2025,Opt,4.593,-0.018 (-0.39%),4.611,4.595,4.595,4.593,7,20:24:14 CT 31 Oct 2023
NGG5,FEB 2025,Opt,4.471,-0.024 (-0.53%),4.495,4.477,4.477,4.471,8,20:24:14 CT 31 Oct 2023
NGH5,MAR 2025,Opt,-,-,4.101,-,-,-,0,20:24:14 CT 31 Oct 2023
NGJ5,APR 2025,Opt,-,-,3.700,-,-,-,0,20:24:14 CT 31 Oct 2023
NGK5,MAY 2025,Opt,-,-,3.683,-,-,-,0,20:24:14 CT 31 Oct 2023
NGM5,JUN 2025,Opt,-,-,3.795,-,-,-,0,20:24:14 CT 31 Oct 2023
GN25,JUL 2025,Opt,-,-,3.911,-,-,-,0,20:24:14 CT 31 Oct 2023
GQ25,AUG 2025,Opt,-,-,3.943,-,-,-,0,20:24:14 CT 31 Oct 2023
GU25,SEP 2025,Opt,-,-,3.912,-,-,-,0,20:24:14 CT 31 Oct 2023
GV25,OCT 2025,Opt,-,-,3.983,-,-,-,0,20:24:14 CT 31 Oct 2023
GX25,NOV 2025,Opt,-,-,4.312,-,-,-,0,20:24:14 CT 31 Oct 2023
GZ25,DEC 2025,Opt,-,-,4.699,-,-,-,0,20:24:14 CT 31 Oct 2023
GF26,JAN 2026,Opt,-,-,4.969,-,-,-,0,20:24:14 CT 31 Oct 2023
GG26,FEB 2026,Opt,-,-,4.774,-,-,-,0,20:24:14 CT 31 Oct 2023
GH26,MAR 2026,Opt,-,-,4.210,-,-,-,0,20:24:14 CT 31 Oct 2023
GJ26,APR 2026,Opt,-,-,3.575,-,-,-,0,20:24:14 CT 31 Oct 2023
GK26,MAY 2026,Opt,-,-,3.548,-,-,-,0,20:24:14 CT 31 Oct 2023
GM26,JUN 2026,Opt,-,-,3.687,-,-,-,0,20:24:14 CT 31 Oct 2023
GN26,JUL 2026,Opt,-,-,3.816,-,-,-,0,20:24:14 CT 31 Oct 2023
GQ26,AUG 2026,Opt,-,-,3.849,-,-,-,0,20:24:14 CT 31 Oct 2023
GU26,SEP 2026,Opt,-,-,3.817,-,-,-,0,20:24:14 CT 31 Oct 2023
GV26,OCT 2026,Opt,-,-,3.882,-,-,-,0,20:24:14 CT 31 Oct 2023
GX26,NOV 2026,Opt,-,-,4.232,-,-,-,0,20:24:14 CT 31 Oct 2023
GZ26,DEC 2026,Opt,-,-,4.586,-,-,-,0,20:24:14 CT 31 Oct 2023
GF27,JAN 2027,Opt,-,-,4.860,-,-,-,0,20:24:14 CT 31 Oct 2023
GG27,FEB 2027,Opt,-,-,4.675,-,-,-,0,20:24:14 CT 31 Oct 2023
GH27,MAR 2027,Opt,-,-,4.100,-,-,-,0,20:24:14 CT 31 Oct 2023
GJ27,APR 2027,Opt,-,-,3.515,-,-,-,0,20:24:14 CT 31 Oct 2023
GK27,MAY 2027,Opt,-,-,3.460,-,-,-,0,20:24:14 CT 31 Oct 2023
GM27,JUN 2027,Opt,-,-,3.580,-,-,-,0,20:24:14 CT 31 Oct 2023
GN27,JUL 2027,Opt,-,-,3.706,-,-,-,0,20:24:14 CT 31 Oct 2023
GQ27,AUG 2027,Opt,-,-,3.737,-,-,-,0,20:24:14 CT 31 Oct 2023
GU27,SEP 2027,Opt,-,-,3.712,-,-,-,0,20:24:14 CT 31 Oct 2023
GV27,OCT 2027,Opt,-,-,3.791,-,-,-,0,20:24:14 CT 31 Oct 2023
GX27,NOV 2027,Opt,-,-,4.133,-,-,-,0,20:24:14 CT 31 Oct 2023
GZ27,DEC 2027,Opt,-,-,4.489,-,-,-,0,20:24:14 CT 31 Oct 2023
GF28,JAN 2028,Opt,-,-,4.738,-,-,-,0,20:24:14 CT 31 Oct 2023
GG28,FEB 2028,Opt,-,-,4.553,-,-,-,0,20:24:14 CT 31 Oct 2023
GH28,MAR 2028,Opt,-,-,3.983,-,-,-,0,20:24:14 CT 31 Oct 2023
GJ28,APR 2028,Opt,-,-,3.403,-,-,-,0,20:24:14 CT 31 Oct 2023
GK28,MAY 2028,Opt,-,-,3.363,-,-,-,0,20:24:14 CT 31 Oct 2023
GM28,JUN 2028,Opt,-,-,3.488,-,-,-,0,20:24:14 CT 31 Oct 2023
GN28,JUL 2028,Opt,-,-,3.612,-,-,-,0,20:24:14 CT 31 Oct 2023
GQ28,AUG 2028,Opt,-,-,3.664,-,-,-,0,20:24:14 CT 31 Oct 2023
GU28,SEP 2028,Opt,-,-,3.628,-,-,-,0,20:24:14 CT 31 Oct 2023
GV28,OCT 2028,Opt,-,-,3.711,-,-,-,0,20:24:14 CT 31 Oct 2023
GX28,NOV 2028,Opt,-,-,4.077,-,-,-,0,20:24:14 CT 31 Oct 2023
GZ28,DEC 2028,Opt,-,-,4.460,-,-,-,0,20:24:14 CT 31 Oct 2023
GF29,JAN 2029,Opt,-,-,4.725,-,-,-,0,20:24:14 CT 31 Oct 2023
GG29,FEB 2029,Opt,-,-,4.575,-,-,-,0,20:24:14 CT 31 Oct 2023
GH29,MAR 2029,Opt,-,-,4.011,-,-,-,0,20:24:14 CT 31 Oct 2023
GJ29,APR 2029,Opt,-,-,3.451,-,-,-,0,20:24:14 CT 31 Oct 2023
GK29,MAY 2029,Opt,-,-,3.416,-,-,-,0,20:24:14 CT 31 Oct 2023
GM29,JUN 2029,Opt,-,-,3.547,-,-,-,0,20:24:14 CT 31 Oct 2023
GN29,JUL 2029,Opt,-,-,3.677,-,-,-,0,20:24:14 CT 31 Oct 2023
GQ29,AUG 2029,Opt,-,-,3.720,-,-,-,0,20:24:14 CT 31 Oct 2023
GU29,SEP 2029,Opt,-,-,3.682,-,-,-,0,20:24:14 CT 31 Oct 2023
GV29,OCT 2029,Opt,-,-,3.768,-,-,-,0,20:24:14 CT 31 Oct 2023
GX29,NOV 2029,Opt,-,-,4.132,-,-,-,0,20:24:14 CT 31 Oct 2023
GZ29,DEC 2029,Opt,-,-,4.524,-,-,-,0,20:24:14 CT 31 Oct 2023
GF30,JAN 2030,Opt,-,-,4.763,-,-,-,0,20:24:14 CT 31 Oct 2023
GG30,FEB 2030,Opt,-,-,4.583,-,-,-,0,20:24:14 CT 31 Oct 2023
GH30,MAR 2030,Opt,-,-,4.018,-,-,-,0,20:24:14 CT 31 Oct 2023
GJ30,APR 2030,Opt,-,-,3.433,-,-,-,0,20:24:14 CT 31 Oct 2023
GK30,MAY 2030,Opt,-,-,3.388,-,-,-,0,20:24:14 CT 31 Oct 2023
GM30,JUN 2030,Opt,-,-,3.488,-,-,-,0,20:24:14 CT 31 Oct 2023
GN30,JUL 2030,Opt,-,-,3.588,-,-,-,0,20:24:14 CT 31 Oct 2023
GQ30,AUG 2030,Opt,-,-,3.628,-,-,-,0,20:24:14 CT 31 Oct 2023
GU30,SEP 2030,Opt,-,-,3.598,-,-,-,0,20:24:14 CT 31 Oct 2023
GV30,OCT 2030,Opt,-,-,3.644,-,-,-,0,20:24:14 CT 31 Oct 2023
GX30,NOV 2030,Opt,-,-,3.989,-,-,-,0,20:24:14 CT 31 Oct 2023
GZ30,DEC 2030,Opt,-,-,4.399,-,-,-,0,20:24:14 CT 31 Oct 2023
GF31,JAN 2031,Opt,-,-,4.649,-,-,-,0,20:24:14 CT 31 Oct 2023
GG31,FEB 2031,Opt,-,-,4.489,-,-,-,0,20:24:14 CT 31 Oct 2023
GH31,MAR 2031,Opt,-,-,3.959,-,-,-,0,20:24:14 CT 31 Oct 2023
GJ31,APR 2031,Opt,-,-,3.424,-,-,-,0,20:24:14 CT 31 Oct 2023
GK31,MAY 2031,Opt,-,-,3.402,-,-,-,0,20:24:14 CT 31 Oct 2023
GM31,JUN 2031,Opt,-,-,3.502,-,-,-,0,20:24:14 CT 31 Oct 2023
GN31,JUL 2031,Opt,-,-,3.602,-,-,-,0,20:24:14 CT 31 Oct 2023
GQ31,AUG 2031,Opt,-,-,3.642,-,-,-,0,20:24:14 CT 31 Oct 2023
GU31,SEP 2031,Opt,-,-,3.657,-,-,-,0,20:24:14 CT 31 Oct 2023
GV31,OCT 2031,Opt,-,-,3.727,-,-,-,0,20:24:14 CT 31 Oct 2023
GX31,NOV 2031,Opt,-,-,4.047,-,-,-,0,20:24:14 CT 31 Oct 2023
GZ31,DEC 2031,Opt,-,-,4.427,-,-,-,0,20:24:14 CT 31 Oct 2023
GF32,JAN 2032,Opt,-,-,4.682,-,-,-,0,20:24:14 CT 31 Oct 2023
GG32,FEB 2032,Opt,-,-,4.512,-,-,-,0,20:24:14 CT 31 Oct 2023
GH32,MAR 2032,Opt,-,-,4.012,-,-,-,0,20:24:14 CT 31 Oct 2023
GJ32,APR 2032,Opt,-,-,3.462,-,-,-,0,20:24:14 CT 31 Oct 2023
GK32,MAY 2032,Opt,-,-,3.440,-,-,-,0,20:24:14 CT 31 Oct 2023
GM32,JUN 2032,Opt,-,-,3.540,-,-,-,0,20:24:14 CT 31 Oct 2023
GN32,JUL 2032,Opt,-,-,3.640,-,-,-,0,20:24:14 CT 31 Oct 2023
GQ32,AUG 2032,Opt,-,-,3.680,-,-,-,0,20:24:14 CT 31 Oct 2023
GU32,SEP 2032,Opt,-,-,3.695,-,-,-,0,20:24:14 CT 31 Oct 2023
GV32,OCT 2032,Opt,-,-,3.741,-,-,-,0,20:24:14 CT 31 Oct 2023
GX32,NOV 2032,Opt,-,-,3.946,-,-,-,0,20:24:14 CT 31 Oct 2023
GZ32,DEC 2032,Opt,-,-,4.346,-,-,-,0,20:24:14 CT 31 Oct 2023
GF33,JAN 2033,Opt,-,-,4.581,-,-,-,0,18:18:16 CT 31 Oct 2023
GG33,FEB 2033,Opt,-,-,4.401,-,-,-,0,18:18:04 CT 31 Oct 2023
GH33,MAR 2033,Opt,-,-,4.051,-,-,-,0,18:16:57 CT 31 Oct 2023
GJ33,APR 2033,Opt,-,-,3.721,-,-,-,0,18:18:12 CT 31 Oct 2023
GK33,MAY 2033,Opt,-,-,3.699,-,-,-,0,18:17:50 CT 31 Oct 2023
GM33,JUN 2033,Opt,-,-,3.734,-,-,-,0,18:18:12 CT 31 Oct 2023
GN33,JUL 2033,Opt,-,-,3.774,-,-,-,0,18:17:50 CT 31 Oct 2023
GQ33,AUG 2033,Opt,-,-,3.814,-,-,-,0,18:18:04 CT 31 Oct 2023
GU33,SEP 2033,Opt,-,-,3.829,-,-,-,0,18:18:24 CT 31 Oct 2023
GV33,OCT 2033,Opt,-,-,3.875,-,-,-,0,18:18:12 CT 31 Oct 2023
GX33,NOV 2033,Opt,-,-,4.050,-,-,-,0,18:18:12 CT 31 Oct 2023
GZ33,DEC 2033,Opt,-,-,4.450,-,-,-,0,18:18:06 CT 31 Oct 2023
GF34,JAN 2034,Opt,-,-,4.675,-,-,-,0,18:17:43 CT 31 Oct 2023
GG34,FEB 2034,Opt,-,-,4.515,-,-,-,0,18:17:47 CT 31 Oct 2023
GH34,MAR 2034,Opt,-,-,4.240,-,-,-,0,18:17:55 CT 31 Oct 2023
GJ34,APR 2034,Opt,-,-,3.840,-,-,-,0,18:17:55 CT 31 Oct 2023
GK34,MAY 2034,Opt,-,-,3.818,-,-,-,0,18:17:55 CT 31 Oct 2023
GM34,JUN 2034,Opt,-,-,3.853,-,-,-,0,18:16:56 CT 31 Oct 2023
GN34,JUL 2034,Opt,-,-,3.893,-,-,-,0,18:17:55 CT 31 Oct 2023
GQ34,AUG 2034,Opt,-,-,3.933,-,-,-,0,18:17:50 CT 31 Oct 2023
GU34,SEP 2034,Opt,-,-,3.948,-,-,-,0,18:17:47 CT 31 Oct 2023
GV34,OCT 2034,Opt,-,-,3.994,-,-,-,0,18:17:51 CT 31 Oct 2023
GX34,NOV 2034,Opt,-,-,4.144,-,-,-,0,18:17:43 CT 31 Oct 2023
GZ34,DEC 2034,Opt,-,-,4.394,-,-,-,0,18:17:43 CT 31 Oct 2023
GF35,JAN 2035,Opt,-,-,4.594,-,-,-,0,18:18:24 CT 31 Oct 2023
GG35,FEB 2035,Opt,-,-,4.529,-,-,-,0,18:18:08 CT 31 Oct 2023
GH35,MAR 2035,Opt,-,-,4.429,-,-,-,0,18:18:31 CT 31 Oct 2023
GJ35,APR 2035,Opt,-,-,4.099,-,-,-,0,18:18:31 CT 31 Oct 2023
GK35,MAY 2035,Opt,-,-,4.077,-,-,-,0,18:18:00 CT 31 Oct 2023
GM35,JUN 2035,Opt,-,-,4.112,-,-,-,0,18:18:00 CT 31 Oct 2023
GN35,JUL 2035,Opt,-,-,4.152,-,-,-,0,18:18:00 CT 31 Oct 2023
GQ35,AUG 2035,Opt,-,-,4.192,-,-,-,0,18:18:19 CT 31 Oct 2023
GU35,SEP 2035,Opt,-,-,4.207,-,-,-,0,18:18:24 CT 31 Oct 2023
GV35,OCT 2035,Opt,-,-,4.253,-,-,-,0,18:18:19 CT 31 Oct 2023
GX35,NOV 2035,Opt,-,-,4.325,-,-,-,0,18:18:08 CT 31 Oct 2023
GZ35,DEC 2035,Opt,-,-,4.480,-,-,-,0,18:18:08 CT 31 Oct 2023
B0X3,NOV 2023,Opt,-,-,0.66417,-,-,-,0,20:24:09 CT 31 Oct 2023
B0Z3,DEC 2023,Opt,-,-,0.67000,-,-,-,0,20:24:09 CT 31 Oct 2023
B0F4,JAN 2024,Opt,-,-,0.68250,-,-,-,0,20:24:09 CT 31 Oct 2023
B0G4,FEB 2024,Opt,-,-,0.68583,-,-,-,0,20:24:09 CT 31 Oct 2023
B0H4,MAR 2024,Opt,-,-,0.67917,-,-,-,0,20:24:09 CT 31 Oct 2023
B0J4,APR 2024,Opt,-,-,0.67292,-,-,-,0,20:24:10 CT 31 Oct 2023
B0K4,MAY 2024,Opt,-,-,0.67333,-,-,-,0,20:24:09 CT 31 Oct 2023
B0M4,JUN 2024,Opt,-,-,0.67792,-,-,-,0,20:24:10 CT 31 Oct 2023
B0N4,JUL 2024,Opt,-,-,0.68458,-,-,-,0,20:24:10 CT 31 Oct 2023
B0Q4,AUG 2024,Opt,-,-,0.69708,-,-,-,0,20:24:09 CT 31 Oct 2023
B0U4,SEP 2024,Opt,-,-,0.71125,-,-,-,0,20:24:10 CT 31 Oct 2023
B0V4,OCT 2024,Opt,-,-,0.72583,-,-,-,0,20:24:10 CT 31 Oct 2023
B0X4,NOV 2024,Opt,-,-,0.73708,-,-,-,0,20:24:09 CT 31 Oct 2023
B0Z4,DEC 2024,Opt,-,-,0.74750,-,-,-,0,20:24:09 CT 31 Oct 2023
B0F5,JAN 2025,Opt,-,-,0.75458,-,-,-,0,20:24:10 CT 31 Oct 2023
B0G5,FEB 2025,Opt,-,-,0.75208,-,-,-,0,20:24:10 CT 31 Oct 2023
B0H5,MAR 2025,Opt,-,-,0.72250,-,-,-,0,20:24:09 CT 31 Oct 2023
B0J5,APR 2025,Opt,-,-,0.69667,-,-,-,0,20:24:10 CT 31 Oct 2023
B0K5,MAY 2025,Opt,-,-,0.69333,-,-,-,0,20:24:09 CT 31 Oct 2023
B0M5,JUN 2025,Opt,-,-,0.69333,-,-,-,0,20:24:09 CT 31 Oct 2023
B0N5,JUL 2025,Opt,-,-,0.69583,-,-,-,0,20:24:10 CT 31 Oct 2023
B0Q5,AUG 2025,Opt,-,-,0.70000,-,-,-,0,20:24:09 CT 31 Oct 2023
B0U5,SEP 2025,Opt,-,-,0.70542,-,-,-,0,20:24:09 CT 31 Oct 2023
B0V5,OCT 2025,Opt,-,-,0.71042,-,-,-,0,20:24:09 CT 31 Oct 2023
B0X5,NOV 2025,Opt,-,-,0.71542,-,-,-,0,20:24:09 CT 31 Oct 2023
B0Z5,DEC 2025,Opt,-,-,0.72000,-,-,-,0,20:24:10 CT 31 Oct 2023
B0F6,JAN 2026,Opt,-,-,0.72548,-,-,-,0,20:24:09 CT 31 Oct 2023
B0G6,FEB 2026,Opt,-,-,0.72308,-,-,-,0,20:24:10 CT 31 Oct 2023
B0H6,MAR 2026,Opt,-,-,0.69464,-,-,-,0,20:24:09 CT 31 Oct 2023
B0J6,APR 2026,Opt,-,-,0.66980,-,-,-,0,20:24:09 CT 31 Oct 2023
B0K6,MAY 2026,Opt,-,-,0.66659,-,-,-,0,20:24:09 CT 31 Oct 2023
B0M6,JUN 2026,Opt,-,-,0.66659,-,-,-,0,20:24:10 CT 31 Oct 2023
B0N6,JUL 2026,Opt,-,-,0.66900,-,-,-,0,20:24:09 CT 31 Oct 2023
B0Q6,AUG 2026,Opt,-,-,0.67300,-,-,-,0,20:24:09 CT 31 Oct 2023
B0U6,SEP 2026,Opt,-,-,0.67821,-,-,-,0,20:24:10 CT 31 Oct 2023
B0V6,OCT 2026,Opt,-,-,0.68302,-,-,-,0,20:24:09 CT 31 Oct 2023
B0X6,NOV 2026,Opt,-,-,0.68783,-,-,-,0,20:24:10 CT 31 Oct 2023
B0Z6,DEC 2026,Opt,-,-,0.69223,-,-,-,0,20:24:09 CT 31 Oct 2023
B0F7,JAN 2027,Opt,-,-,0.71176,-,-,-,0,20:24:10 CT 31 Oct 2023
B0G7,FEB 2027,Opt,-,-,0.70940,-,-,-,0,20:24:09 CT 31 Oct 2023
B0H7,MAR 2027,Opt,-,-,0.68149,-,-,-,0,20:24:09 CT 31 Oct 2023
B0J7,APR 2027,Opt,-,-,0.65713,-,-,-,0,20:24:09 CT 31 Oct 2023
B0K7,MAY 2027,Opt,-,-,0.65398,-,-,-,0,20:24:09 CT 31 Oct 2023
B0M7,JUN 2027,Opt,-,-,0.65398,-,-,-,0,20:24:10 CT 31 Oct 2023
B0N7,JUL 2027,Opt,-,-,0.65634,-,-,-,0,20:24:09 CT 31 Oct 2023
B0Q7,AUG 2027,Opt,-,-,0.66027,-,-,-,0,20:24:09 CT 31 Oct 2023
B0U7,SEP 2027,Opt,-,-,0.66538,-,-,-,0,20:24:09 CT 31 Oct 2023
B0V7,OCT 2027,Opt,-,-,0.67010,-,-,-,0,20:24:09 CT 31 Oct 2023
B0X7,NOV 2027,Opt,-,-,0.67481,-,-,-,0,20:24:10 CT 31 Oct 2023
B0Z7,DEC 2027,Opt,-,-,0.67914,-,-,-,0,20:24:09 CT 31 Oct 2023
B0X3,NOV 2023,Opt,-,-,0.66417,-,-,-,0,20:24:09 CT 31 Oct 2023
B0Z3,DEC 2023,Opt,-,-,0.67000,-,-,-,0,20:24:09 CT 31 Oct 2023
B0F4,JAN 2024,Opt,-,-,0.68250,-,-,-,0,20:24:09 CT 31 Oct 2023
B0G4,FEB 2024,Opt,-,-,0.68583,-,-,-,0,20:24:09 CT 31 Oct 2023
B0H4,MAR 2024,Opt,-,-,0.67917,-,-,-,0,20:24:09 CT 31 Oct 2023
B0J4,APR 2024,Opt,-,-,0.67292,-,-,-,0,20:24:10 CT 31 Oct 2023
B0K4,MAY 2024,Opt,-,-,0.67333,-,-,-,0,20:24:09 CT 31 Oct 2023
B0M4,JUN 2024,Opt,-,-,0.67792,-,-,-,0,20:24:10 CT 31 Oct 2023
B0N4,JUL 2024,Opt,-,-,0.68458,-,-,-,0,20:24:10 CT 31 Oct 2023
B0Q4,AUG 2024,Opt,-,-,0.69708,-,-,-,0,20:24:09 CT 31 Oct 2023
B0U4,SEP 2024,Opt,-,-,0.71125,-,-,-,0,20:24:10 CT 31 Oct 2023
B0V4,OCT 2024,Opt,-,-,0.72583,-,-,-,0,20:24:10 CT 31 Oct 2023
B0X4,NOV 2024,Opt,-,-,0.73708,-,-,-,0,20:24:09 CT 31 Oct 2023
B0Z4,DEC 2024,Opt,-,-,0.74750,-,-,-,0,20:24:09 CT 31 Oct 2023
B0F5,JAN 2025,Opt,-,-,0.75458,-,-,-,0,20:24:10 CT 31 Oct 2023
B0G5,FEB 2025,Opt,-,-,0.75208,-,-,-,0,20:24:10 CT 31 Oct 2023
B0H5,MAR 2025,Opt,-,-,0.72250,-,-,-,0,20:24:09 CT 31 Oct 2023
B0J5,APR 2025,Opt,-,-,0.69667,-,-,-,0,20:24:10 CT 31 Oct 2023
B0K5,MAY 2025,Opt,-,-,0.69333,-,-,-,0,20:24:09 CT 31 Oct 2023
B0M5,JUN 2025,Opt,-,-,0.69333,-,-,-,0,20:24:09 CT 31 Oct 2023
B0N5,JUL 2025,Opt,-,-,0.69583,-,-,-,0,20:24:10 CT 31 Oct 2023
B0Q5,AUG 2025,Opt,-,-,0.70000,-,-,-,0,20:24:09 CT 31 Oct 2023
B0U5,SEP 2025,Opt,-,-,0.70542,-,-,-,0,20:24:09 CT 31 Oct 2023
B0V5,OCT 2025,Opt,-,-,0.71042,-,-,-,0,20:24:09 CT 31 Oct 2023
B0X5,NOV 2025,Opt,-,-,0.71542,-,-,-,0,20:24:09 CT 31 Oct 2023
B0Z5,DEC 2025,Opt,-,-,0.72000,-,-,-,0,20:24:10 CT 31 Oct 2023
B0F6,JAN 2026,Opt,-,-,0.72548,-,-,-,0,20:24:09 CT 31 Oct 2023
B0G6,FEB 2026,Opt,-,-,0.72308,-,-,-,0,20:24:10 CT 31 Oct 2023
B0H6,MAR 2026,Opt,-,-,0.69464,-,-,-,0,20:24:09 CT 31 Oct 2023
B0J6,APR 2026,Opt,-,-,0.66980,-,-,-,0,20:24:09 CT 31 Oct 2023
B0K6,MAY 2026,Opt,-,-,0.66659,-,-,-,0,20:24:09 CT 31 Oct 2023
B0M6,JUN 2026,Opt,-,-,0.66659,-,-,-,0,20:24:10 CT 31 Oct 2023
B0N6,JUL 2026,Opt,-,-,0.66900,-,-,-,0,20:24:09 CT 31 Oct 2023
B0Q6,AUG 2026,Opt,-,-,0.67300,-,-,-,0,20:24:09 CT 31 Oct 2023
B0U6,SEP 2026,Opt,-,-,0.67821,-,-,-,0,20:24:10 CT 31 Oct 2023
B0V6,OCT 2026,Opt,-,-,0.68302,-,-,-,0,20:24:09 CT 31 Oct 2023
B0X6,NOV 2026,Opt,-,-,0.68783,-,-,-,0,20:24:10 CT 31 Oct 2023
B0Z6,DEC 2026,Opt,-,-,0.69223,-,-,-,0,20:24:09 CT 31 Oct 2023
B0F7,JAN 2027,Opt,-,-,0.71176,-,-,-,0,20:24:10 CT 31 Oct 2023
B0G7,FEB 2027,Opt,-,-,0.70940,-,-,-,0,20:24:09 CT 31 Oct 2023
B0H7,MAR 2027,Opt,-,-,0.68149,-,-,-,0,20:24:09 CT 31 Oct 2023
B0J7,APR 2027,Opt,-,-,0.65713,-,-,-,0,20:24:09 CT 31 Oct 2023
B0K7,MAY 2027,Opt,-,-,0.65398,-,-,-,0,20:24:09 CT 31 Oct 2023
B0M7,JUN 2027,Opt,-,-,0.65398,-,-,-,0,20:24:10 CT 31 Oct 2023
B0N7,JUL 2027,Opt,-,-,0.65634,-,-,-,0,20:24:09 CT 31 Oct 2023
B0Q7,AUG 2027,Opt,-,-,0.66027,-,-,-,0,20:24:09 CT 31 Oct 2023
B0U7,SEP 2027,Opt,-,-,0.66538,-,-,-,0,20:24:09 CT 31 Oct 2023
B0V7,OCT 2027,Opt,-,-,0.67010,-,-,-,0,20:24:09 CT 31 Oct 2023
B0X7,NOV 2027,Opt,-,-,0.67481,-,-,-,0,20:24:10 CT 31 Oct 2023
B0Z7,DEC 2027,Opt,-,-,0.67914,-,-,-,0,20:24:09 CT 31 Oct 2023
D0X3,NOV 2023,Opt,-,-,0.85625,-,-,-,0,20:24:10 CT 31 Oct 2023
D0Z3,DEC 2023,Opt,-,-,0.86000,-,-,-,0,20:24:10 CT 31 Oct 2023
D0F4,JAN 2024,Opt,-,-,0.86792,-,-,-,0,20:24:10 CT 31 Oct 2023
D0G4,FEB 2024,Opt,-,-,0.86667,-,-,-,0,20:24:10 CT 31 Oct 2023
D0H4,MAR 2024,Opt,-,-,0.83417,-,-,-,0,20:24:10 CT 31 Oct 2023
D0J4,APR 2024,Opt,-,-,0.82000,-,-,-,0,20:24:10 CT 31 Oct 2023
D0K4,MAY 2024,Opt,-,-,0.81625,-,-,-,0,20:24:10 CT 31 Oct 2023
D0M4,JUN 2024,Opt,-,-,0.81667,-,-,-,0,20:24:10 CT 31 Oct 2023
D0N4,JUL 2024,Opt,-,-,0.82167,-,-,-,0,20:24:10 CT 31 Oct 2023
D0Q4,AUG 2024,Opt,-,-,0.83167,-,-,-,0,20:24:10 CT 31 Oct 2023
D0U4,SEP 2024,Opt,-,-,0.84583,-,-,-,0,20:24:10 CT 31 Oct 2023
D0V4,OCT 2024,Opt,-,-,0.86000,-,-,-,0,20:24:10 CT 31 Oct 2023
D0X4,NOV 2024,Opt,-,-,0.87292,-,-,-,0,20:24:10 CT 31 Oct 2023
D0Z4,DEC 2024,Opt,-,-,0.88458,-,-,-,0,20:24:10 CT 31 Oct 2023
D0F5,JAN 2025,Opt,-,-,0.89167,-,-,-,0,20:24:10 CT 31 Oct 2023
D0G5,FEB 2025,Opt,-,-,0.88792,-,-,-,0,20:24:10 CT 31 Oct 2023
D0H5,MAR 2025,Opt,-,-,0.84917,-,-,-,0,20:24:10 CT 31 Oct 2023
D0J5,APR 2025,Opt,-,-,0.82042,-,-,-,0,20:24:10 CT 31 Oct 2023
D0K5,MAY 2025,Opt,-,-,0.81417,-,-,-,0,20:24:10 CT 31 Oct 2023
D0M5,JUN 2025,Opt,-,-,0.81250,-,-,-,0,20:24:10 CT 31 Oct 2023
D0N5,JUL 2025,Opt,-,-,0.81333,-,-,-,0,20:24:10 CT 31 Oct 2023
D0Q5,AUG 2025,Opt,-,-,0.81708,-,-,-,0,20:24:10 CT 31 Oct 2023
D0U5,SEP 2025,Opt,-,-,0.82292,-,-,-,0,20:24:10 CT 31 Oct 2023
D0V5,OCT 2025,Opt,-,-,0.82917,-,-,-,0,20:24:10 CT 31 Oct 2023
D0X5,NOV 2025,Opt,-,-,0.83500,-,-,-,0,20:24:10 CT 31 Oct 2023
D0Z5,DEC 2025,Opt,-,-,0.83958,-,-,-,0,20:24:10 CT 31 Oct 2023
D0F6,JAN 2026,Opt,-,-,0.85009,-,-,-,0,20:24:10 CT 31 Oct 2023
D0G6,FEB 2026,Opt,-,-,0.84651,-,-,-,0,20:24:10 CT 31 Oct 2023
D0H6,MAR 2026,Opt,-,-,0.80957,-,-,-,0,20:24:10 CT 31 Oct 2023
D0J6,APR 2026,Opt,-,-,0.78216,-,-,-,0,20:24:10 CT 31 Oct 2023
D0K6,MAY 2026,Opt,-,-,0.77620,-,-,-,0,20:24:10 CT 31 Oct 2023
D0M6,JUN 2026,Opt,-,-,0.77461,-,-,-,0,20:24:10 CT 31 Oct 2023
D0N6,JUL 2026,Opt,-,-,0.77541,-,-,-,0,20:24:10 CT 31 Oct 2023
D0Q6,AUG 2026,Opt,-,-,0.77898,-,-,-,0,20:24:10 CT 31 Oct 2023
D0U6,SEP 2026,Opt,-,-,0.78454,-,-,-,0,20:24:10 CT 31 Oct 2023
D0V6,OCT 2026,Opt,-,-,0.79050,-,-,-,0,20:24:10 CT 31 Oct 2023
D0X6,NOV 2026,Opt,-,-,0.79606,-,-,-,0,20:24:10 CT 31 Oct 2023
D0Z6,DEC 2026,Opt,-,-,0.80043,-,-,-,0,20:24:10 CT 31 Oct 2023
D0F7,JAN 2027,Opt,-,-,0.80601,-,-,-,0,18:16:52 CT 31 Oct 2023
D0G7,FEB 2027,Opt,-,-,0.80275,-,-,-,0,18:18:17 CT 31 Oct 2023
D0H7,MAR 2027,Opt,-,-,0.76734,-,-,-,0,18:18:58 CT 31 Oct 2023
D0J7,APR 2027,Opt,-,-,0.74048,-,-,-,0,18:18:56 CT 31 Oct 2023
D0K7,MAY 2027,Opt,-,-,0.73519,-,-,-,0,18:17:34 CT 31 Oct 2023
D0M7,JUN 2027,Opt,-,-,0.73479,-,-,-,0,18:18:08 CT 31 Oct 2023
D0N7,JUL 2027,Opt,-,-,0.73560,-,-,-,0,18:17:50 CT 31 Oct 2023
D0Q7,AUG 2027,Opt,-,-,0.73926,-,-,-,0,18:18:47 CT 31 Oct 2023
D0U7,SEP 2027,Opt,-,-,0.74496,-,-,-,0,18:17:41 CT 31 Oct 2023
D0V7,OCT 2027,Opt,-,-,0.75106,-,-,-,0,18:17:20 CT 31 Oct 2023
D0X7,NOV 2027,Opt,-,-,0.75676,-,-,-,0,18:17:17 CT 31 Oct 2023
D0Z7,DEC 2027,Opt,-,-,0.76124,-,-,-,0,18:17:28 CT 31 Oct 2023
D0X3,NOV 2023,Opt,-,-,0.85625,-,-,-,0,20:24:10 CT 31 Oct 2023
D0Z3,DEC 2023,Opt,-,-,0.86000,-,-,-,0,20:24:10 CT 31 Oct 2023
D0F4,JAN 2024,Opt,-,-,0.86792,-,-,-,0,20:24:10 CT 31 Oct 2023
D0G4,FEB 2024,Opt,-,-,0.86667,-,-,-,0,20:24:10 CT 31 Oct 2023
D0H4,MAR 2024,Opt,-,-,0.83417,-,-,-,0,20:24:10 CT 31 Oct 2023
D0J4,APR 2024,Opt,-,-,0.82000,-,-,-,0,20:24:10 CT 31 Oct 2023
D0K4,MAY 2024,Opt,-,-,0.81625,-,-,-,0,20:24:10 CT 31 Oct 2023
D0M4,JUN 2024,Opt,-,-,0.81667,-,-,-,0,20:24:10 CT 31 Oct 2023
D0N4,JUL 2024,Opt,-,-,0.82167,-,-,-,0,20:24:10 CT 31 Oct 2023
D0Q4,AUG 2024,Opt,-,-,0.83167,-,-,-,0,20:24:10 CT 31 Oct 2023
D0U4,SEP 2024,Opt,-,-,0.84583,-,-,-,0,20:24:10 CT 31 Oct 2023
D0V4,OCT 2024,Opt,-,-,0.86000,-,-,-,0,20:24:10 CT 31 Oct 2023
D0X4,NOV 2024,Opt,-,-,0.87292,-,-,-,0,20:24:10 CT 31 Oct 2023
D0Z4,DEC 2024,Opt,-,-,0.88458,-,-,-,0,20:24:10 CT 31 Oct 2023
D0F5,JAN 2025,Opt,-,-,0.89167,-,-,-,0,20:24:10 CT 31 Oct 2023
D0G5,FEB 2025,Opt,-,-,0.88792,-,-,-,0,20:24:10 CT 31 Oct 2023
D0H5,MAR 2025,Opt,-,-,0.84917,-,-,-,0,20:24:10 CT 31 Oct 2023
D0J5,APR 2025,Opt,-,-,0.82042,-,-,-,0,20:24:10 CT 31 Oct 2023
D0K5,MAY 2025,Opt,-,-,0.81417,-,-,-,0,20:24:10 CT 31 Oct 2023
D0M5,JUN 2025,Opt,-,-,0.81250,-,-,-,0,20:24:10 CT 31 Oct 2023
D0N5,JUL 2025,Opt,-,-,0.81333,-,-,-,0,20:24:10 CT 31 Oct 2023
D0Q5,AUG 2025,Opt,-,-,0.81708,-,-,-,0,20:24:10 CT 31 Oct 2023
D0U5,SEP 2025,Opt,-,-,0.82292,-,-,-,0,20:24:10 CT 31 Oct 2023
D0V5,OCT 2025,Opt,-,-,0.82917,-,-,-,0,20:24:10 CT 31 Oct 2023
D0X5,NOV 2025,Opt,-,-,0.83500,-,-,-,0,20:24:10 CT 31 Oct 2023
D0Z5,DEC 2025,Opt,-,-,0.83958,-,-,-,0,20:24:10 CT 31 Oct 2023
D0F6,JAN 2026,Opt,-,-,0.85009,-,-,-,0,20:24:10 CT 31 Oct 2023
D0G6,FEB 2026,Opt,-,-,0.84651,-,-,-,0,20:24:10 CT 31 Oct 2023
D0H6,MAR 2026,Opt,-,-,0.80957,-,-,-,0,20:24:10 CT 31 Oct 2023
D0J6,APR 2026,Opt,-,-,0.78216,-,-,-,0,20:24:10 CT 31 Oct 2023
D0K6,MAY 2026,Opt,-,-,0.77620,-,-,-,0,20:24:10 CT 31 Oct 2023
D0M6,JUN 2026,Opt,-,-,0.77461,-,-,-,0,20:24:10 CT 31 Oct 2023
D0N6,JUL 2026,Opt,-,-,0.77541,-,-,-,0,20:24:10 CT 31 Oct 2023
D0Q6,AUG 2026,Opt,-,-,0.77898,-,-,-,0,20:24:10 CT 31 Oct 2023
D0U6,SEP 2026,Opt,-,-,0.78454,-,-,-,0,20:24:10 CT 31 Oct 2023
D0V6,OCT 2026,Opt,-,-,0.79050,-,-,-,0,20:24:10 CT 31 Oct 2023
D0X6,NOV 2026,Opt,-,-,0.79606,-,-,-,0,20:24:10 CT 31 Oct 2023
D0Z6,DEC 2026,Opt,-,-,0.80043,-,-,-,0,20:24:10 CT 31 Oct 2023
D0F7,JAN 2027,Opt,-,-,0.80601,-,-,-,0,18:16:52 CT 31 Oct 2023
D0G7,FEB 2027,Opt,-,-,0.80275,-,-,-,0,18:18:17 CT 31 Oct 2023
D0H7,MAR 2027,Opt,-,-,0.76734,-,-,-,0,18:18:58 CT 31 Oct 2023
D0J7,APR 2027,Opt,-,-,0.74048,-,-,-,0,18:18:56 CT 31 Oct 2023
D0K7,MAY 2027,Opt,-,-,0.73519,-,-,-,0,18:17:34 CT 31 Oct 2023
D0M7,JUN 2027,Opt,-,-,0.73479,-,-,-,0,18:18:08 CT 31 Oct 2023
D0N7,JUL 2027,Opt,-,-,0.73560,-,-,-,0,18:17:50 CT 31 Oct 2023
D0Q7,AUG 2027,Opt,-,-,0.73926,-,-,-,0,18:18:47 CT 31 Oct 2023
D0U7,SEP 2027,Opt,-,-,0.74496,-,-,-,0,18:17:41 CT 31 Oct 2023
D0V7,OCT 2027,Opt,-,-,0.75106,-,-,-,0,18:17:20 CT 31 Oct 2023
D0X7,NOV 2027,Opt,-,-,0.75676,-,-,-,0,18:17:17 CT 31 Oct 2023
D0Z7,DEC 2027,Opt,-,-,0.76124,-,-,-,0,18:17:28 CT 31 Oct 2023
8IX3,NOV 2023,,-,0.97563,,-,-,0,20:24:08 CT 31 Oct 2023,
8IZ3,DEC 2023,,-,0.93250,,-,-,0,20:24:08 CT 31 Oct 2023,
8IF4,JAN 2024,,-,0.92750,,-,-,0,20:24:08 CT 31 Oct 2023,
8IG4,FEB 2024,,-,0.92375,,-,-,0,20:24:08 CT 31 Oct 2023,
8IH4,MAR 2024,,-,0.88688,,-,-,0,20:24:08 CT 31 Oct 2023,
8IJ4,APR 2024,,-,0.87500,,-,-,0,20:24:08 CT 31 Oct 2023,
8IK4,MAY 2024,,-,0.87125,,-,-,0,20:24:08 CT 31 Oct 2023,
8IM4,JUN 2024,,-,0.86875,,-,-,0,20:24:08 CT 31 Oct 2023,
8IN4,JUL 2024,,-,0.87063,,-,-,0,20:24:08 CT 31 Oct 2023,
8IQ4,AUG 2024,,-,0.88000,,-,-,0,20:24:08 CT 31 Oct 2023,
8IU4,SEP 2024,,-,0.89875,,-,-,0,20:24:08 CT 31 Oct 2023,
8IV4,OCT 2024,,-,0.91063,,-,-,0,20:24:08 CT 31 Oct 2023,
8IX4,NOV 2024,,-,0.92688,,-,-,0,20:24:08 CT 31 Oct 2023,
8IZ4,DEC 2024,,-,0.94063,,-,-,0,20:24:08 CT 31 Oct 2023,
8IF5,JAN 2025,,-,0.93000,,-,-,0,20:24:08 CT 31 Oct 2023,
8IG5,FEB 2025,,-,0.92625,,-,-,0,20:24:08 CT 31 Oct 2023,
8IH5,MAR 2025,,-,0.88500,,-,-,0,20:24:08 CT 31 Oct 2023,
8IJ5,APR 2025,,-,0.85875,,-,-,0,20:24:08 CT 31 Oct 2023,
8IK5,MAY 2025,,-,0.85125,,-,-,0,20:24:08 CT 31 Oct 2023,
8IM5,JUN 2025,,-,0.84875,,-,-,0,20:24:08 CT 31 Oct 2023,
8IN5,JUL 2025,,-,0.85000,,-,-,0,20:24:08 CT 31 Oct 2023,
8IQ5,AUG 2025,,-,0.85500,,-,-,0,20:24:08 CT 31 Oct 2023,
8IU5,SEP 2025,,-,0.86125,,-,-,0,20:24:08 CT 31 Oct 2023,
8IV5,OCT 2025,,-,0.86125,,-,-,0,20:24:08 CT 31 Oct 2023,
8IX5,NOV 2025,,-,0.86875,,-,-,0,20:24:08 CT 31 Oct 2023,
8IZ5,DEC 2025,,-,0.87500,,-,-,0,20:24:08 CT 31 Oct 2023,
8IF6,JAN 2026,,-,0.86438,,-,-,0,20:24:08 CT 31 Oct 2023,
8IG6,FEB 2026,,-,0.86063,,-,-,0,20:24:08 CT 31 Oct 2023,
8IH6,MAR 2026,,-,0.81938,,-,-,0,20:24:08 CT 31 Oct 2023,
8IJ6,APR 2026,,-,0.79313,,-,-,0,20:24:08 CT 31 Oct 2023,
8IK6,MAY 2026,,-,0.78563,,-,-,0,20:24:08 CT 31 Oct 2023,
8IM6,JUN 2026,,-,0.78313,,-,-,0,20:24:08 CT 31 Oct 2023,
8IN6,JUL 2026,,-,0.78438,,-,-,0,20:24:08 CT 31 Oct 2023,
8IQ6,AUG 2026,,-,0.78938,,-,-,0,20:24:08 CT 31 Oct 2023,
8IU6,SEP 2026,,-,0.79563,,-,-,0,20:24:08 CT 31 Oct 2023,
8IV6,OCT 2026,,-,0.79563,,-,-,0,20:24:08 CT 31 Oct 2023,
8IX6,NOV 2026,,-,0.80313,,-,-,0,20:24:08 CT 31 Oct 2023,
8IZ6,DEC 2026,,-,0.80938,,-,-,0,20:24:08 CT 31 Oct 2023,
8IF7,JAN 2027,,-,0.79750,,-,-,0,18:18:17 CT 31 Oct 2023,
8IG7,FEB 2027,,-,0.79500,,-,-,0,18:18:07 CT 31 Oct 2023,
8IH7,MAR 2027,,-,0.75875,,-,-,0,18:16:51 CT 31 Oct 2023,
8IJ7,APR 2027,,-,0.73500,,-,-,0,18:18:52 CT 31 Oct 2023,
8IK7,MAY 2027,,-,0.72750,,-,-,0,18:18:43 CT 31 Oct 2023,
8IM7,JUN 2027,,-,0.72625,,-,-,0,18:18:29 CT 31 Oct 2023,
8IN7,JUL 2027,,-,0.72750,,-,-,0,18:17:04 CT 31 Oct 2023,
8IQ7,AUG 2027,,-,0.73250,,-,-,0,18:17:13 CT 31 Oct 2023,
8IU7,SEP 2027,,-,0.73875,,-,-,0,18:17:08 CT 31 Oct 2023,
8IV7,OCT 2027,,-,0.73875,,-,-,0,18:18:25 CT 31 Oct 2023,
8IX7,NOV 2027,,-,0.74625,,-,-,0,18:17:49 CT 31 Oct 2023,
8IZ7,DEC 2027,,-,0.75250,,-,-,0,18:18:42 CT 31 Oct 2023,
8IX3,NOV 2023,,-,0.97563,,-,-,0,20:24:08 CT 31 Oct 2023,
8IZ3,DEC 2023,,-,0.93250,,-,-,0,20:24:08 CT 31 Oct 2023,
8IF4,JAN 2024,,-,0.92750,,-,-,0,20:24:08 CT 31 Oct 2023,
8IG4,FEB 2024,,-,0.92375,,-,-,0,20:24:08 CT 31 Oct 2023,
8IH4,MAR 2024,,-,0.88688,,-,-,0,20:24:08 CT 31 Oct 2023,
8IJ4,APR 2024,,-,0.87500,,-,-,0,20:24:08 CT 31 Oct 2023,
8IK4,MAY 2024,,-,0.87125,,-,-,0,20:24:08 CT 31 Oct 2023,
8IM4,JUN 2024,,-,0.86875,,-,-,0,20:24:08 CT 31 Oct 2023,
8IN4,JUL 2024,,-,0.87063,,-,-,0,20:24:08 CT 31 Oct 2023,
8IQ4,AUG 2024,,-,0.88000,,-,-,0,20:24:08 CT 31 Oct 2023,
8IU4,SEP 2024,,-,0.89875,,-,-,0,20:24:08 CT 31 Oct 2023,
8IV4,OCT 2024,,-,0.91063,,-,-,0,20:24:08 CT 31 Oct 2023,
8IX4,NOV 2024,,-,0.92688,,-,-,0,20:24:08 CT 31 Oct 2023,
8IZ4,DEC 2024,,-,0.94063,,-,-,0,20:24:08 CT 31 Oct 2023,
8IF5,JAN 2025,,-,0.93000,,-,-,0,20:24:08 CT 31 Oct 2023,
8IG5,FEB 2025,,-,0.92625,,-,-,0,20:24:08 CT 31 Oct 2023,
8IH5,MAR 2025,,-,0.88500,,-,-,0,20:24:08 CT 31 Oct 2023,
8IJ5,APR 2025,,-,0.85875,,-,-,0,20:24:08 CT 31 Oct 2023,
8IK5,MAY 2025,,-,0.85125,,-,-,0,20:24:08 CT 31 Oct 2023,
8IM5,JUN 2025,,-,0.84875,,-,-,0,20:24:08 CT 31 Oct 2023,
8IN5,JUL 2025,,-,0.85000,,-,-,0,20:24:08 CT 31 Oct 2023,
8IQ5,AUG 2025,,-,0.85500,,-,-,0,20:24:08 CT 31 Oct 2023,
8IU5,SEP 2025,,-,0.86125,,-,-,0,20:24:08 CT 31 Oct 2023,
8IV5,OCT 2025,,-,0.86125,,-,-,0,20:24:08 CT 31 Oct 2023,
8IX5,NOV 2025,,-,0.86875,,-,-,0,20:24:08 CT 31 Oct 2023,
8IZ5,DEC 2025,,-,0.87500,,-,-,0,20:24:08 CT 31 Oct 2023,
8IF6,JAN 2026,,-,0.86438,,-,-,0,20:24:08 CT 31 Oct 2023,
8IG6,FEB 2026,,-,0.86063,,-,-,0,20:24:08 CT 31 Oct 2023,
8IH6,MAR 2026,,-,0.81938,,-,-,0,20:24:08 CT 31 Oct 2023,
8IJ6,APR 2026,,-,0.79313,,-,-,0,20:24:08 CT 31 Oct 2023,
8IK6,MAY 2026,,-,0.78563,,-,-,0,20:24:08 CT 31 Oct 2023,
8IM6,JUN 2026,,-,0.78313,,-,-,0,20:24:08 CT 31 Oct 2023,
8IN6,JUL 2026,,-,0.78438,,-,-,0,20:24:08 CT 31 Oct 2023,
8IQ6,AUG 2026,,-,0.78938,,-,-,0,20:24:08 CT 31 Oct 2023,
8IU6,SEP 2026,,-,0.79563,,-,-,0,20:24:08 CT 31 Oct 2023,
8IV6,OCT 2026,,-,0.79563,,-,-,0,20:24:08 CT 31 Oct 2023,
8IX6,NOV 2026,,-,0.80313,,-,-,0,20:24:08 CT 31 Oct 2023,
8IZ6,DEC 2026,,-,0.80938,,-,-,0,20:24:08 CT 31 Oct 2023,
8IF7,JAN 2027,,-,0.79750,,-,-,0,18:18:17 CT 31 Oct 2023,
8IG7,FEB 2027,,-,0.79500,,-,-,0,18:18:07 CT 31 Oct 2023,
8IH7,MAR 2027,,-,0.75875,,-,-,0,18:16:51 CT 31 Oct 2023,
8IJ7,APR 2027,,-,0.73500,,-,-,0,18:18:52 CT 31 Oct 2023,
8IK7,MAY 2027,,-,0.72750,,-,-,0,18:18:43 CT 31 Oct 2023,
8IM7,JUN 2027,,-,0.72625,,-,-,0,18:18:29 CT 31 Oct 2023,
8IN7,JUL 2027,,-,0.72750,,-,-,0,18:17:04 CT 31 Oct 2023,
8IQ7,AUG 2027,,-,0.73250,,-,-,0,18:17:13 CT 31 Oct 2023,
8IU7,SEP 2027,,-,0.73875,,-,-,0,18:17:08 CT 31 Oct 2023,
8IV7,OCT 2027,,-,0.73875,,-,-,0,18:18:25 CT 31 Oct 2023,
8IX7,NOV 2027,,-,0.74625,,-,-,0,18:17:49 CT 31 Oct 2023,
8IZ7,DEC 2027,,-,0.75250,,-,-,0,18:18:42 CT 31 Oct 2023,
7QX3,NOV 2023,Opt,-,-,1.50500,-,-,-,0,20:24:08 CT 31 Oct 2023
7QZ3,DEC 2023,Opt,-,-,1.51333,-,-,-,0,20:24:08 CT 31 Oct 2023
7QF4,JAN 2024,Opt,-,-,1.52833,-,-,-,0,20:24:08 CT 31 Oct 2023
7QG4,FEB 2024,Opt,-,-,1.52917,-,-,-,0,20:24:08 CT 31 Oct 2023
7QH4,MAR 2024,Opt,-,-,1.51792,-,-,-,0,20:24:08 CT 31 Oct 2023
7QJ4,APR 2024,Opt,-,-,1.50000,-,-,-,0,20:24:08 CT 31 Oct 2023
7QK4,MAY 2024,Opt,-,-,1.48625,-,-,-,0,20:24:08 CT 31 Oct 2023
7QM4,JUN 2024,Opt,-,-,1.47542,-,-,-,0,20:24:08 CT 31 Oct 2023
7QN4,JUL 2024,Opt,-,-,1.46625,-,-,-,0,20:24:08 CT 31 Oct 2023
7QQ4,AUG 2024,Opt,-,-,1.46000,-,-,-,0,20:24:08 CT 31 Oct 2023
7QU4,SEP 2024,Opt,-,-,1.45750,-,-,-,0,20:24:08 CT 31 Oct 2023
7QV4,OCT 2024,Opt,-,-,1.45333,-,-,-,0,20:24:08 CT 31 Oct 2023
7QX4,NOV 2024,Opt,-,-,1.44917,-,-,-,0,20:24:08 CT 31 Oct 2023
7QZ4,DEC 2024,Opt,-,-,1.44500,-,-,-,0,20:24:08 CT 31 Oct 2023
7QF5,JAN 2025,Opt,-,-,1.44500,-,-,-,0,20:24:08 CT 31 Oct 2023
7QG5,FEB 2025,Opt,-,-,1.44208,-,-,-,0,20:24:08 CT 31 Oct 2023
7QH5,MAR 2025,Opt,-,-,1.42500,-,-,-,0,20:24:08 CT 31 Oct 2023
7QJ5,APR 2025,Opt,-,-,1.40375,-,-,-,0,20:24:08 CT 31 Oct 2023
7QK5,MAY 2025,Opt,-,-,1.38458,-,-,-,0,20:24:08 CT 31 Oct 2023
7QM5,JUN 2025,Opt,-,-,1.37292,-,-,-,0,20:24:08 CT 31 Oct 2023
7QN5,JUL 2025,Opt,-,-,1.36333,-,-,-,0,20:24:08 CT 31 Oct 2023
7QQ5,AUG 2025,Opt,-,-,1.35625,-,-,-,0,20:24:08 CT 31 Oct 2023
7QU5,SEP 2025,Opt,-,-,1.35167,-,-,-,0,20:24:08 CT 31 Oct 2023
7QV5,OCT 2025,Opt,-,-,1.34542,-,-,-,0,20:24:08 CT 31 Oct 2023
7QX5,NOV 2025,Opt,-,-,1.33917,-,-,-,0,20:24:08 CT 31 Oct 2023
7QZ5,DEC 2025,Opt,-,-,1.33292,-,-,-,0,20:24:08 CT 31 Oct 2023
7QF6,JAN 2026,Opt,-,-,1.33129,-,-,-,0,20:24:08 CT 31 Oct 2023
7QG6,FEB 2026,Opt,-,-,1.32860,-,-,-,0,20:24:08 CT 31 Oct 2023
7QH6,MAR 2026,Opt,-,-,1.31286,-,-,-,0,20:24:08 CT 31 Oct 2023
7QJ6,APR 2026,Opt,-,-,1.29328,-,-,-,0,20:24:08 CT 31 Oct 2023
7QK6,MAY 2026,Opt,-,-,1.27563,-,-,-,0,20:24:08 CT 31 Oct 2023
7QM6,JUN 2026,Opt,-,-,1.26488,-,-,-,0,20:24:08 CT 31 Oct 2023
7QN6,JUL 2026,Opt,-,-,1.25605,-,-,-,0,20:24:08 CT 31 Oct 2023
7QQ6,AUG 2026,Opt,-,-,1.24952,-,-,-,0,20:24:08 CT 31 Oct 2023
7QU6,SEP 2026,Opt,-,-,1.24530,-,-,-,0,20:24:08 CT 31 Oct 2023
7QV6,OCT 2026,Opt,-,-,1.23954,-,-,-,0,20:24:08 CT 31 Oct 2023
7QX6,NOV 2026,Opt,-,-,1.23378,-,-,-,0,20:24:08 CT 31 Oct 2023
7QZ6,DEC 2026,Opt,-,-,1.22802,-,-,-,0,20:24:08 CT 31 Oct 2023
7QF7,JAN 2027,Opt,-,-,1.26881,-,-,-,0,18:18:39 CT 31 Oct 2023
7QG7,FEB 2027,Opt,-,-,1.26362,-,-,-,0,18:16:57 CT 31 Oct 2023
7QH7,MAR 2027,Opt,-,-,1.24643,-,-,-,0,18:17:11 CT 31 Oct 2023
7QJ7,APR 2027,Opt,-,-,1.22524,-,-,-,0,18:16:53 CT 31 Oct 2023
7QK7,MAY 2027,Opt,-,-,1.20565,-,-,-,0,18:17:11 CT 31 Oct 2023
7QM7,JUN 2027,Opt,-,-,1.19446,-,-,-,0,18:18:00 CT 31 Oct 2023
7QN7,JUL 2027,Opt,-,-,1.18526,-,-,-,0,18:18:12 CT 31 Oct 2023
7QQ7,AUG 2027,Opt,-,-,1.17847,-,-,-,0,18:18:34 CT 31 Oct 2023
7QU7,SEP 2027,Opt,-,-,1.17407,-,-,-,0,18:17:00 CT 31 Oct 2023
7QV7,OCT 2027,Opt,-,-,1.16807,-,-,-,0,18:17:57 CT 31 Oct 2023
7QX7,NOV 2027,Opt,-,-,1.16208,-,-,-,0,18:18:43 CT 31 Oct 2023
7QZ7,DEC 2027,Opt,-,-,1.15608,-,-,-,0,18:18:51 CT 31 Oct 2023
7QF8,JAN 2028,Opt,-,-,1.15348,-,-,-,0,18:17:53 CT 31 Oct 2023
7QG8,FEB 2028,Opt,-,-,1.14828,-,-,-,0,18:18:32 CT 31 Oct 2023
7QH8,MAR 2028,Opt,-,-,1.13109,-,-,-,0,18:17:56 CT 31 Oct 2023
7QJ8,APR 2028,Opt,-,-,1.10991,-,-,-,0,18:17:04 CT 31 Oct 2023
7QK8,MAY 2028,Opt,-,-,1.09032,-,-,-,0,18:17:07 CT 31 Oct 2023
7QM8,JUN 2028,Opt,-,-,0.00000,-,-,-,0,18:17:27 CT 31 Oct 2023
7QX3,NOV 2023,Opt,-,-,1.50500,-,-,-,0,20:24:08 CT 31 Oct 2023
7QZ3,DEC 2023,Opt,-,-,1.51333,-,-,-,0,20:24:08 CT 31 Oct 2023
7QF4,JAN 2024,Opt,-,-,1.52833,-,-,-,0,20:24:08 CT 31 Oct 2023
7QG4,FEB 2024,Opt,-,-,1.52917,-,-,-,0,20:24:08 CT 31 Oct 2023
7QH4,MAR 2024,Opt,-,-,1.51792,-,-,-,0,20:24:08 CT 31 Oct 2023
7QJ4,APR 2024,Opt,-,-,1.50000,-,-,-,0,20:24:08 CT 31 Oct 2023
7QK4,MAY 2024,Opt,-,-,1.48625,-,-,-,0,20:24:08 CT 31 Oct 2023
7QM4,JUN 2024,Opt,-,-,1.47542,-,-,-,0,20:24:08 CT 31 Oct 2023
7QN4,JUL 2024,Opt,-,-,1.46625,-,-,-,0,20:24:08 CT 31 Oct 2023
7QQ4,AUG 2024,Opt,-,-,1.46000,-,-,-,0,20:24:08 CT 31 Oct 2023
7QU4,SEP 2024,Opt,-,-,1.45750,-,-,-,0,20:24:08 CT 31 Oct 2023
7QV4,OCT 2024,Opt,-,-,1.45333,-,-,-,0,20:24:08 CT 31 Oct 2023
7QX4,NOV 2024,Opt,-,-,1.44917,-,-,-,0,20:24:08 CT 31 Oct 2023
7QZ4,DEC 2024,Opt,-,-,1.44500,-,-,-,0,20:24:08 CT 31 Oct 2023
7QF5,JAN 2025,Opt,-,-,1.44500,-,-,-,0,20:24:08 CT 31 Oct 2023
7QG5,FEB 2025,Opt,-,-,1.44208,-,-,-,0,20:24:08 CT 31 Oct 2023
7QH5,MAR 2025,Opt,-,-,1.42500,-,-,-,0,20:24:08 CT 31 Oct 2023
7QJ5,APR 2025,Opt,-,-,1.40375,-,-,-,0,20:24:08 CT 31 Oct 2023
7QK5,MAY 2025,Opt,-,-,1.38458,-,-,-,0,20:24:08 CT 31 Oct 2023
7QM5,JUN 2025,Opt,-,-,1.37292,-,-,-,0,20:24:08 CT 31 Oct 2023
7QN5,JUL 2025,Opt,-,-,1.36333,-,-,-,0,20:24:08 CT 31 Oct 2023
7QQ5,AUG 2025,Opt,-,-,1.35625,-,-,-,0,20:24:08 CT 31 Oct 2023
7QU5,SEP 2025,Opt,-,-,1.35167,-,-,-,0,20:24:08 CT 31 Oct 2023
7QV5,OCT 2025,Opt,-,-,1.34542,-,-,-,0,20:24:08 CT 31 Oct 2023
7QX5,NOV 2025,Opt,-,-,1.33917,-,-,-,0,20:24:08 CT 31 Oct 2023
7QZ5,DEC 2025,Opt,-,-,1.33292,-,-,-,0,20:24:08 CT 31 Oct 2023
7QF6,JAN 2026,Opt,-,-,1.33129,-,-,-,0,20:24:08 CT 31 Oct 2023
7QG6,FEB 2026,Opt,-,-,1.32860,-,-,-,0,20:24:08 CT 31 Oct 2023
7QH6,MAR 2026,Opt,-,-,1.31286,-,-,-,0,20:24:08 CT 31 Oct 2023
7QJ6,APR 2026,Opt,-,-,1.29328,-,-,-,0,20:24:08 CT 31 Oct 2023
7QK6,MAY 2026,Opt,-,-,1.27563,-,-,-,0,20:24:08 CT 31 Oct 2023
7QM6,JUN 2026,Opt,-,-,1.26488,-,-,-,0,20:24:08 CT 31 Oct 2023
7QN6,JUL 2026,Opt,-,-,1.25605,-,-,-,0,20:24:08 CT 31 Oct 2023
7QQ6,AUG 2026,Opt,-,-,1.24952,-,-,-,0,20:24:08 CT 31 Oct 2023
7QU6,SEP 2026,Opt,-,-,1.24530,-,-,-,0,20:24:08 CT 31 Oct 2023
7QV6,OCT 2026,Opt,-,-,1.23954,-,-,-,0,20:24:08 CT 31 Oct 2023
7QX6,NOV 2026,Opt,-,-,1.23378,-,-,-,0,20:24:08 CT 31 Oct 2023
7QZ6,DEC 2026,Opt,-,-,1.22802,-,-,-,0,20:24:08 CT 31 Oct 2023
7QF7,JAN 2027,Opt,-,-,1.26881,-,-,-,0,18:18:39 CT 31 Oct 2023
7QG7,FEB 2027,Opt,-,-,1.26362,-,-,-,0,18:16:57 CT 31 Oct 2023
7QH7,MAR 2027,Opt,-,-,1.24643,-,-,-,0,18:17:11 CT 31 Oct 2023
7QJ7,APR 2027,Opt,-,-,1.22524,-,-,-,0,18:16:53 CT 31 Oct 2023
7QK7,MAY 2027,Opt,-,-,1.20565,-,-,-,0,18:17:11 CT 31 Oct 2023
7QM7,JUN 2027,Opt,-,-,1.19446,-,-,-,0,18:18:00 CT 31 Oct 2023
7QN7,JUL 2027,Opt,-,-,1.18526,-,-,-,0,18:18:12 CT 31 Oct 2023
7QQ7,AUG 2027,Opt,-,-,1.17847,-,-,-,0,18:18:34 CT 31 Oct 2023
7QU7,SEP 2027,Opt,-,-,1.17407,-,-,-,0,18:17:00 CT 31 Oct 2023
7QV7,OCT 2027,Opt,-,-,1.16807,-,-,-,0,18:17:57 CT 31 Oct 2023
7QX7,NOV 2027,Opt,-,-,1.16208,-,-,-,0,18:18:43 CT 31 Oct 2023
7QZ7,DEC 2027,Opt,-,-,1.15608,-,-,-,0,18:18:51 CT 31 Oct 2023
7QF8,JAN 2028,Opt,-,-,1.15348,-,-,-,0,18:17:53 CT 31 Oct 2023
7QG8,FEB 2028,Opt,-,-,1.14828,-,-,-,0,18:18:32 CT 31 Oct 2023
7QH8,MAR 2028,Opt,-,-,1.13109,-,-,-,0,18:17:56 CT 31 Oct 2023
7QJ8,APR 2028,Opt,-,-,1.10991,-,-,-,0,18:17:04 CT 31 Oct 2023
7QK8,MAY 2028,Opt,-,-,1.09032,-,-,-,0,18:17:07 CT 31 Oct 2023
7QM8,JUN 2028,Opt,-,-,0.00000,-,-,-,0,18:17:27 CT 31 Oct 2023